?id	?label	?definition
"DOID:0110598"	"primary ciliary dyskinesia 14"	"A primary ciliary dyskinesia that is characterized by autosomal recessive inheritance with inner dynein arm defect and axonemal disorganization, chronic upper and lower airway infections, and has_material_basis_in homozygous or compound heterozygous mutation in the CCDC39 gene on chromosome 3q26."
"DOID:0060560"	"lethal congenital contracture syndrome 2"@en	"A lethal congenital contracture syndrome that can be that has_material_basis_in homozygous mutation in the ERBB3 gene on chromosome 12q13."
"DOID:0080585"	"Van Maldergem syndrome 1"@en	"A Van Maldergem syndrome that has_material_basis_in homozygous mutation in the DCHS1 gene on chromosome 11p15."
"DOID:0060486"	"Perry syndrome"@en	"A syndrome characterized by parkinsonism, hypoventilation, depression, and weight loss and that has_material_basis_in heterozygous mutation in the DCTN1 gene on chromosome 2p13."
"DOID:0080513"	"Meier-Gorlin syndrome 2"@en	"A Meier-Gorlin syndrome that has_material_basis_in homozygous or compound heterozygous mutation in the ORC4 gene on chromosome 2q23."
"DOID:5572"	"Beckwith-Wiedemann syndrome"	"A syndrome characterized by overgrowth (macrosomia), an increased risk of childhood cancer and congenital malformations."
"DOID:225"	"syndrome"	"A disease characterized by a group of signs and symptoms that occur together and characterize a particular abnormality."
"DOID:0060381"	"orofaciodigital syndrome XI"	"An orofaciodigital syndrome that is characterized by blepharophimosis, bulbous nasal tip, broad nasal bridge, downslanting palpebral fissures, low set ears, skeletal malformations, intellectual deficits, deafness and congenital heart defects."
"DOID:0080346"	"blepharocheilodontic syndrome 2"@en	"A blepharocheilodontic syndrome that has_material_basis_in heterozygous mutation in the CTNND1 gene on chromosome 11q12."
"DOID:0110613"	"primary ciliary dyskinesia 16"	"A primary ciliary dyskinesia that is characterized by autosomal recessive inheritance with absence of ciliary outer dynein arms, early infantile onset of respiratory distress, and variable occurrence of situs inversus and has_material_basis_in homozygous mutation in the DNAL1 gene on chromosome 14q24.3."
"DOID:9562"	"primary ciliary dyskinesia"	"A ciliopathy that is characterized by impaired function of the cilia lining the respiratory tract (lower and upper, sinuses, Eustachian tube, middle ear) and fallopian tube."
"DOID:0111460"	"cardiofaciocutaneous syndrome 1"	"A cardiofaciocutaneous syndrome that has_material_basis_in heterozygous mutation in BRAF on chromosome 7q34."
"DOID:0060233"	"cardiofaciocutaneous syndrome"	"A syndrome characterized by unusually sparse, brittle, curly hair, macrocephaly, a prominent forehead and bi-temporal narrowing, intellectual disability, failure to thrive, congenital heart defects, short stature and skin abnormalities, and has_material_basis_in mutation in the BRAF, MAP2K1, MAP2kK2 and KRAS genes."
"DOID:0060585"	"Noonan syndrome 7"	"A Noonan syndrome that has_material_basis in heterozygous mutation in the BRAF gene."
"DOID:3490"	"Noonan syndrome"	"A syndrome that is characterized by mildly unusual facial features, short stature, heart defects, bleeding problems, skeletal malformations, and many other signs and symptoms."
"DOID:0050769"	"N syndrome"	"A syndrome that is characterized by intellectual disability, deafness, ocular abnormalities, T-cell leukemia, cryptorchidism, hypospadias and spasticity."
"DOID:0110827"	"Usher syndrome type 2"	"An Usher syndrome characterized by mild to severe congenital hearing impairment, normal vestibular function and later development of retinitis pigmentosa."
"DOID:0050439"	"Usher syndrome"	"A syndrome characterized by a combination of hearing loss and visual impairment."
"DOID:0111463"	"cardiofaciocutaneous syndrome 4"	"A cardiofaciocutaneous syndrome that has_material_basis_in heterozygous mutation in MAPK2K2 on chromosome 19p13.3."
"DOID:14221"	"abdominal obesity-metabolic syndrome 1"	"An abdominal obesity-metabolic syndrome characterized by insulin resistance and hyperinsulinemia, dyslipidemia, essential hypertension, abdominal obesity, glucose intolerance or noninsulin-dependent diabetes mellitus and an increased risk of cardiovascular events."
"DOID:0080040"	"fibrogenesis imperfecta ossium"	"A syndrome that involves abnormality of collagen synthesis in lamellar bones, with manifestations limited to the skeleton. The initial symptom is frequently spontaneous fractures."
"DOID:8461"	"Aicardi syndrome"	"A syndrome that is characterized by absence or underdeveloped tissue connecting the left and right halves of the brain, infantile spasms and chorioretinal lacunae, which are defects in the light-sensitive tissue at the back of the eye."
"DOID:0110997"	"Joubert syndrome 28"	"A Joubert syndrome that has_material_basis_in homozygous or compound heterozygous mutation in the MKS1 gene on chromosome 17q23."
"DOID:11549"	"Adie syndrome"	"A syndrome that is a neurological disorder affecting the pupil of the eye and the autonomic nervous system. It is characterized by one eye with a pupil that is larger than normal and constricts slowly in bright light (tonic pupil), along with the absence of deep tendon reflexes, usually in the Achilles tendon."
"DOID:0080517"	"Meier-Gorlin syndrome 6"@en	"A Meier-Gorlin syndrome that has_material_basis_in heterozygous mutation in the GMNN gene on chromosome 6p22."
"DOID:0060306"	"Meier-Gorlin syndrome"	"A syndrome that is characterized by bilateral underdevelopment of the external ear, short stature, absent or underdeveloped patellae and severe prenatal and postnatal growth retardation."
"DOID:0111004"	"Joubert syndrome 9"	"A Joubert syndrome that has_material_basis_in homozygous or compound heterozygous mutation in the CC2D2A gene on chromosome 4p15."
"DOID:0060316"	"orofaciodigital syndrome I"	"An orofaciodigital syndrome that is characterized by malformations of the face, oral cavity, and digits, has_material_basis_in X-linked dominant inheritance of the OFD1 gene with lethality in males and is associated with polycystic kidney disease."
"DOID:4501"	"orofaciodigital syndrome"	"A syndrome that is characterized by malformations of the face, oral cavity, and digits."
"DOID:0060347"	"acrorenal syndrome"	"A syndrome characterized by limb defects, usually bilateral, like cleft hands or feet and longitudinal defects involving radius or ulna, tibia or fibula and renal anomalies which include agenesis, hypoplasia and rarely polycystic kidneys. Additional malformations may involve the oro-mandibular region, the trachea and lungs, skin derivatives including sweat glands, mammary glands, the uterus, vas deferens, the nasal placodes and the eyes."
"DOID:0111354"	"arthrogryposis, renal dysfunction, and cholestasis 2"	"An arthrogryposis, renal dysfunction, and cholestasis that has_material_basis_in homozygous or compound heterozygous mutation in VIPAS39 on 14q24.3."
"DOID:0050763"	"ARC syndrome"	"A syndrome that is characterized by congenital joint contractures, renal tubular dysfunction, cholestasis, severe failure to thrive, ichthyosis and a defect in platelet alpha-granule biogenesis and that has_material_basis_in homozygous or compound heterozygous mutation in the VPS33B gene or homozygous or compound heterozygous mutation in the VIPAR gene on chromosome 14q24.3."
"DOID:0110617"	"primary ciliary dyskinesia 5"	"A primary ciliary dyskinesia that is characterized by autosomal recessive inheritance with early onset of a progressive decline in lung function and has_material_basis_in homozygous mutation in the HYDIN gene on chromosome 16q22."
"DOID:0111530"	"linear nevus sebaceous syndrome"	"A syndrome characterized by sebaceous nevi typically on the face and associated with variable ipsilateral abnormalities of the central nervous system, ocular anomalies, and skeletal defects that has_material_basis_in somatic mosaic mutations in NRAS, HRAS, or KRAS on chromosomes 1p13.2, 11p15.5, or 12p12.1, respectively."
"DOID:0050777"	"Joubert syndrome"	"A ciliopathy that is characterized by congenital malformation of the brainstem and agenesis or hypoplasia of the cerebellar vermis leading to an abnormal respiratory pattern, nystagmus, hypotonia, ataxia, and delay in achieving motor milestones."
"DOID:0060290"	"blepharophimosis-intellectual disability syndrome, SBBYS type"	"A Ohdo syndrome that is characterized by blepharophimosis, ptosis and intellectual disability."
"DOID:0060479"	"Shwachman-Diamond syndrome"@en	"A syndrome characterized by exocrine pancreatic insufficiency, bone marrow failure and skeletal abnormalities."
"DOID:0110836"	"Usher syndrome type 1J"	"An Usher syndrome type 1 that has_material_basis_in caused by homozygous mutation in the CIB2 gene on chromosome 15q24."
"DOID:0060293"	"autosomal dominant chondrodysplasia punctata"	"A chondrodysplasia punctata that is characterized by abnormal facies and stippling of the limbs, associated with vitamin K-related teratogenicity, has_material_basis_in autosomal dominant inheritance."
"DOID:2121"	"ectodermal dysplasia"	"A syndrome characterized by abnormal development in 2 or more ectodermal structures (hair, nails, teeth, and sweat glands) without other systemic findings."
"DOID:0050468"	"yellow nail syndrome"	"A syndrome that is characterized by an accumulation of protein-rich fluid (lymph) in the soft layers of tissue under the skin resulting in pleural effusions, lymphedema (due to lymphatic hypoplasia) and yellow dystrophic nails hat lack a cuticle, grow slowly, and are loose or detached."
"DOID:0110614"	"primary ciliary dyskinesia 4"	"A primary ciliary dyskinesia that is characterized by partial absence of the inner dynein arms with variable occurrence of situs inversus and has_material_basis_in variation in the chromosome region 15q13.1-q15.1."
"DOID:0080507"	"Cornelia de Lange syndrome 3"@en	"A Cornelia de Lange syndrome that has_material_basis_in heterozygous mutation in the SMC3 gene on chromosome 10q25.2."
"DOID:0111461"	"cardiofaciocutaneous syndrome 2"	"A cardiofaciocutaneous syndrome that has_material_basis_in heterozygous mutation in KRAS on chromosome 12p12.1."
"DOID:0080331"	"cold-induced sweating syndrome 3"@en	"A cold-induced sweating syndrome that has_material_basis_in homozygous mutation in the KLHL7 gene on chromosome 7p15."
"DOID:0110826"	"Usher syndrome type 1"	"An Usher syndrome characterized by profound congenital deafness, vestibular dysfunction and early development of retinitis pigmentosa."
"DOID:0110990"	"Joubert syndrome 21"	"A Joubert syndrome that has_material_basis_in homozygous or compound heterozygous mutation in the CSPP1 gene on chromosome 8q13."
"DOID:0110601"	"primary ciliary dyskinesia 12"	"A primary ciliary dyskinesia that is characterized by reduced exercise tolerance, chronic wet cough, recurrent respiratory infections, bronchiectasis, and nasal symptoms, and has_material_basis_in homozygous mutation in the RSPH9 gene on chromosome 6p21."
"DOID:0060586"	"Noonan syndrome 8"	"A Noonan syndrome that has_material_basis_in aused by heterozygous mutation in the RIT1 gene on chromosome 1q22."
"DOID:0050778"	"Meckel syndrome"	"A ciliopathy that is characterized by renal cystic dysplasia, occipital encephalocele, polydactyly (post axial), hepatic developmental defects, and pulmonary hypoplasia."
"DOID:0060549"	"Barber-Say syndrome"@en	"A syndrome characterized by d by the association of excessive hair growth (hypertrichosis), papery thin and fragile (atrophic) skin, outward turned eyelids (ectropion) and a large mouth (macrostomia). It is that has_material_basis_in heterozygous mutation in the TWIST2 gene on chromosome 2q37."
"DOID:0110828"	"Usher syndrome type 3"	"An Usher syndrome characterized by progressive hearing loss typically beginning in late childhood, variable vestibular dysfunction and onset of retinitis pigmentosa by the second decade of life."
"DOID:0050858"	"Marshall-Smith syndrome"	"A syndrome that is characterized by advanced bone age, failure to thrive, respiratory problems, dysmorphic facial features, and variable mental retardation."
"DOID:14793"	"hypohidrotic ectodermal dysplasia"	"An ectodermal dysplasia that is characterized by malformation of ectodermal (skin, hair, teeth and sweat glands) structures including hypotrichosis (sparseness of scalp and body hair), hypohidrosis (reduced ability to sweat), and hypodontia (congenital absence of teeth)."
"DOID:6677"	"diffuse infiltrative lymphocytosis syndrome"	"A syndrome that occurs in human immunodeficiency virus (HIV) positive patients, which is accompanied by decreased kidney function. The spectrum of kidney involvement includes acute or chronic kidney disease, primarily tubular proteinuria and dense lymphocytic tubulointerstitial infiltrates predominantly composed of CD8 T cells."
"DOID:0080518"	"Meier-Gorlin syndrome 7"@en	"A Meier-Gorlin syndrome that has_material_basis_in homozygous or compound heterozygous mutation in the CDC45 gene on chromosome 22q11."
"DOID:0060229"	"Baraitser-Winter syndrome"	"A syndrome characterized by distinctive facial features including hypertelorism, large eyelid openings, ptosis, high-arched eyebrows, a broad nasal bridge and tip of the nose, a long space between the nose and the upper lip, full cheeks and a pointed chin; structural abnormalities of the brain might also be present."
"DOID:0080328"	"Culler-Jones syndrome"@en	"A syndrome that is characterized by hypopituitarism, mainly growth hormone deficiency, and/or postaxial polydactyly and has_material_basis_in autosomal dominant heterozygous mutation in the GLI2 gene on chromosome 2q14."
"DOID:0060375"	"orofaciodigital syndrome V"	"An orofaciodigital syndrome that is characterized by postaxial polydactyly and median cleft of the upper lip and has_material_basis_in homozygous mutation in the DDX59 gene on chromosome 1q32."
"DOID:0110605"	"primary ciliary dyskinesia 7"	"A primary ciliary dyskinesia that is characterized by autosomal recessive inheritance with chronic respiratory infections, chronic sinusitis, recurrent bronchitis, and pneumonia beginning in infancy or early childhood and has_material_basis_in mutation in the DNAH11 gene on chromosome 7p21."
"DOID:0060292"	"X-linked chondrodysplasia punctata 1"	"A chondrodysplasia punctata that is characterized by maxillary hypoplasia, stippled chondrodystrophy, flat nasal tip and short columella, has_material_basis_in X-linked recessive inheritance, has_material_basis_in deficiency of arylsulfatase E. and is associated with associated with vitamin K-related teratogenicity."
"DOID:0060373"	"orofaciodigital syndrome III"	"An orofaciodigital syndrome that is characterized by dysmorphic facies and severe intellectual deficits, and has_material_basis_in autosomal recessive inheritance."
"DOID:0111462"	"cardiofaciocutaneous syndrome 3"	"A cardiofaciocutaneous syndrome that has_material_basis_in heterozygous mutation in MAP2K1 on chromosome 15q22.31."
"DOID:0060471"	"fetal valproate syndrome"	"A syndrome characterized by distinctive facial appearance, a cluster of minor and major anomalies and central nervous system dysfunction."
"DOID:0110615"	"primary ciliary dyskinesia 25"	"A primary ciliary dyskinesia that is characterized by autosomal recessive inheritance with inner and outer dynein arm defect, recurrent upper and lower airway disease, bronchiectasis, decreased fertility and variable occurence of laterality defects and has_material_basis_in homozygous or compound heterozygous mutation in the DYX1C1 gene on chromosome 15q21."
"DOID:0060473"	"Kabuki syndrome"	"A syndrome characterized by  multiple congenital anomalies and mental retardation. Other characteristics include a peculiar facial gestalt, short stature, skeletal and visceral abnormalities, cardiac anomalies, and immunological defects."
"DOID:0111550"	"scalp-ear-nipple syndrome"	"An ectodermal dysplasia characterized by cutis aplasia of the scalp, breast anomalies that range from hypothelia or athelia to amastia, and minor anomalies of the external ears that has_material_basis_in heterozygous mutation in KCTD1 on chromosome 18q11.2."
"DOID:0110612"	"primary ciliary dyskinesia 10"	"A primary ciliary dyskinesia that is characterized by outer and inner dynein arm absence, chronic otitis media, sinusitis, recurrent pneumonia and variable occurrence of situs inversus and has_material_basis_in homozygous mutation in the KTU gene on chromosome 14q21."
"DOID:0060583"	"Noonan syndrome 5"	"A Noonan syndrome that has_material_basis_in mutation in the RAF1 gene."
"DOID:0080110"	"multiple pterygium syndrome"	"A syndrome that is characterized by permanently bent fingers, short stature, rocker-bottom or club feet, joints that are bent in a fixed position, union or webbing of the skin between the fingers, and/or webbing of the neck, inside bend of the elbows, back of the knees and armpits."
"DOID:0110991"	"Joubert syndrome 22"	"A Joubert syndrome that has_material_basis_in homozygous mutation in the PDE6D gene on chromosome 2q37."
"DOID:0111003"	"Joubert syndrome 8"	"A Joubert syndrome that has_material_basis_in mutation in the ARL13B gene on chromosome 3q11.1-q11.2."
"DOID:0080586"	"Van Maldergem syndrome 2"@en	"A Van Malergem syndrome that has_material_basis_in homozygous or compound heterozygous mutation in the FAT4 gene on chromosome 4q28."
"DOID:0060587"	"Noonan syndrome 9"	"A Noonan syndrome that has_material_basis_in heterozygous mutation in the SOS2 gene on chromosome 14q21."
"DOID:0110829"	"retinitis pigmentosa-deafness syndrome"	"An Usher syndrome characterized by retinitis pigmentosa and onset of sensorineural hearing impairment in the teens that has_material_basis_in mutation in the MTTS2 gene in the mitochondrial genome."
"DOID:6678"	"tooth and nail syndrome"	"A syndrome that affects the teeth, nails, hair, and/or skin. It is characterized by absence (hypodontia) and/or malformation of certain primary (deciduous) and secondary (permanent) teeth occurring in association with improper development of the nails, particularly the toenails."
"DOID:0060352"	"Kleefstra syndrome"	"A syndrome that is characterized by childhood hypotonia, a distinctive facial appearance, speech impediments, developmental disability, epilepsy, congenital and urogenetic defects, microcephaly, corpulence, and psychiatric disorders and that has_material_basis_in a microdeletion in the chromosome region 9q34.3 or by a point mutation in the EHMT1 gene located in that region."
"DOID:9008"	"psoriatic arthritis"	"A syndrome that occurs in humans with psoriasis who also experience symptoms similar to arthritis."
"DOID:0060889"	"prune belly syndrome"@en	"A syndrome that is characterized by megacystis with disorganized detrusor muscle, cryptorchidism, and thin abdominal musculature with overlying lax skin and that has_material_basis_in homozygous mutation in the CHRM3 gene on chromosome 1q43."
"DOID:0080351"	"CLOVES syndrome"@en	"A syndrome that is characterized by congenital lipomatous overgrowth, progressive, complex and mixed truncal vascular malformation, and epidermal nevi that has_material_basis_in somatic mosaicism for postzygotic activiating mutations in the PIK3CA gene on chromosome 3q26."
"DOID:0080519"	"PAPA syndrome"@en	"A syndrome that is characterised by pyoderma gangrenosum, pyogenic arthritis, acne and suppurative hidradenitis and heterozygous mutation in the PSTPIP1 gene on chromosome 15q24."
"DOID:0060766"	"autosomal dominant Robinow syndrome 1"	"A Robinow syndrome characterized by autosomal dominant inheritance of dysmorphic features resembling a fetal face, mesomelic limb shortening, hypoplastic external genitalia in males, and renal and vertebral anomalies that has_material_basis_in heterozygous mutation in the WNT5A gene on chromosome 3p."
"DOID:0060382"	"orofaciodigital syndrome IX"	"An orofaciodigital syndrome that is characterized by highly arched palate with bifid tongue,  harmartomatous tongue, hypertelorism, telecanthus, strabismus,bifid nasal tip, short stature, bifid halluces, forked metatarsal, polydactyly, mild intellectual deficit and specific retinal abnormalities, and has_material_basis_in autosomal recessive inheritance."
"DOID:0060571"	"Ritscher-Schinzel syndrome 1"	"A Ritscher-Schinzel syndrome that has_material_basis_in homozygous mutation in the KIAA0196 gene on chromosome 8q24."
"DOID:3389"	"Papillon-Lefevre disease"	"An ectodermal dysplasia that is characterized by palmoplantar keratoderma associated with early-onset periodontitis and has_material_basis_in homozygous or compound heterozygous mutation in the cathepsin C gene on chromosome 11q14."
"DOID:0111000"	"Joubert syndrome 5"	"A Joubert syndrome that has_material_basis_in mutation in the CEP290 gene on chromosome 12q21."
"DOID:0080508"	"Cornelia de Lange syndrome 4"@en	"A Cornelia de Lange syndrome that has_material_basis_in heterozygous mutation in the RAD21 gene, which encodes a component of the cohesin complex, on chromosome 8q24."
"DOID:14525"	"Reye syndrome"	"A syndrome characterized by acute brain damage and liver function problems. It has been associated with aspirin consumption by children with viral illness, although it also occurs in the absence of aspirin use."
"DOID:0060582"	"Noonan syndrome 4"	"A Noonan syndrome that has_material_basis_in heterozygous mutation in the SOS1 gene on chromosome 2p22."
"DOID:0110993"	"Joubert syndrome 24"	"A Joubert syndrome characterized by delayed psychomotor development and molar tooth sign on brain MRI that has_material_basis_in homozygous mutation in the TCTN2 gene on chromosome 12q24."
"DOID:0080538"	"Sweeney-Cox syndrome"@en	"A syndrome that is characterized by striking facial dysostosis, including hypertelorism, deficiencies of the eyelids and facial bones, cleft palate/velopharyngeal insufficiency, and low-set cupped ears and has_material_basis_in heterozygous mutation in the TWIST1 gene on chromosome 7p21."
"DOID:0111384"	"inclusion body myopathy with early-onset Paget disease of bone with or without frontotemporal dementia 2"	"An inclusion body myopathy with Paget disease of bone and frontotemporal dementia that has_material_basis_in heterozygous mutation in HNRPA2B1 on 7p15.2."
"DOID:8544"	"chronic fatigue syndrome"	"A syndrome that involves prolonged and severe tiredness or weariness that is unrelated to exertion, is not relieved by rest and for a minimum of six months and is not directly caused by other conditions."
"DOID:0080191"	"PTEN hamartoma tumor syndrome"@en	"A syndrome characterized as a spectrum of disorders (Cowden syndrome, Bannayan-Riley-Ruvalcaba syndrome, PTEN-related Proteus syndrome, and Proteus-like syndrome) caused by germline mutations of the PTEN gene."
"DOID:0060374"	"orofaciodigital syndrome IV"	"An orofaciodigital syndrome that is characterized by dysmorphic facies, the development of harmartomas of the tongue, polydactyly and limb dysplasia, has_material_basis_in autosomal recessive inheritance of mutations in the TCTN3 gene."
"DOID:0060550"	"ablepharon macrostomia syndrome"@en	"A syndrome characterized by  ablepharon, macrostomia, abnormal external ears, syndactyly of the hands and feet, dry and coarse skin or redundant folds of skin, absent or sparse hair, genital malformations and developmental delay and that has_material_basis_in heterozygous mutation in the TWIST2 gene on chromosome 2q37."
"DOID:1166"	"palindromic rheumatism"	"A syndrome that involves sudden and rapidly developing attacks of arthritis with a remission period that results_in no joint damage or symptoms."
"DOID:0110616"	"primary ciliary dyskinesia 8"	"A primary ciliary dyskinesia that has_material_basis_in variation in the chromosome region 15q24-q25."
"DOID:0060376"	"Joubert syndrome with orofaciodigital defect"	"A Joubert syndrome that is characterized by orofaciodigital defect."
"DOID:0110992"	"Joubert syndrome 23"	"A Joubert syndrome characterized by delayed development, abnormal eye movements, and abnormal breathing pattern, and molar tooth sign on brain MRI that has_material_basis_in homozygous or compound heterozygous mutation in the KIAA0586 gene on chromosome 14q23."
"DOID:0060218"	"CREST syndrome"	"A syndrome characterized by calcinosis, Raynaud's phenomeno, esophageal dysmotility, sclerodactyly and telangiectasia."
"DOID:0060588"	"Noonan syndrome 10"	"A Noonan syndrome that has_material_basis_in heterozygous mutation in the LZTR1 gene on chromosome 22q11."
"DOID:0080255"	"Meier-Gorlin syndrome 8"@en	"A Meier-Gorlin syndrome that has_material_basis_in compound heterozygous mutation in the MCM5 gene on chromosome 22q12."
"DOID:0060764"	"autosomal recessive Robinow syndrome"	"A Robinow syndrome characterized by autosomal recessive inheritance of severe skeletal dysplasia characterized by dysmorphic facial features, including frontal bossing, hypertelorism, and broad nose, short-limbed dwarfism, vertebral segmentation, and genital hypoplasia that has_material_basis_in homozygous or compound heterozygous mutations in the ROR2 gene on chromosome 9q22."
"DOID:0060254"	"Robinow syndrome"	"A syndrome characterized by mild to moderate short stature due to growth delays after birth, distinctive craniofacial abnormalities, skeletal malformations and genital abnormalities."
"DOID:0110995"	"Joubert syndrome 26"	"A Joubert syndrome characterized by global developmental delay and cerebellar hypoplasia that has_material_basis_in homozygous mutation in the KIAA0556 gene on chromosome 16p12."
"DOID:0110607"	"primary ciliary dyskinesia 28"	"A primary ciliary dyskinesia that is characterized by autosomal recessive inheritance with outer and inner dynein arm defect, recurrent upper and lower airway disease, bronchiectasis, and decreased fertility and has_material_basis_in homozygous or compound heterozygous mutation in the SPAG1 gene on chromosome 8q22."
"DOID:0060481"	"Goldberg-Shprintzen syndrome"@en	"A syndrome characterized by intellectual disability, specific facial gestalt and Hirschsprung's disease and that has _material_basis_in homozygous mutation in the KIAA1279 gene on chromosome 10q21.1."
"DOID:0110834"	"Usher syndrome type 1G"	"An Usher syndrome type 1 that has_material_basis_in caused by homozygous or compound heterozygous mutation in the USH1G gene on chromosome 17q25."
"DOID:0060580"	"Noonan syndrome 2"	"A Noonan syndrome characterized by hypertrophic obstructive cardiomyopathy and that has_material_basis_in an autosomal recessive inheritance."
"DOID:0080584"	"autosomal dominant Wolfram syndrome"@en	"A Wolfram syndrome that is characterized by congenital progressive hearing impairment, diabetes mellitus, and optic atrophy and that has_material_basis_in autosomal dominant inheritance of a heterozygous mutation in the WFS1 gene on chromosome 4p16."
"DOID:0111342"	"dermatopathia pigmentosa reticularis"	"An ectodermal dysplasia characterized by reticulate hyperpigmentation, noncicatricial alopecia, and onychodystrophy that has_material_basis_in heterozygous mutation in KRT14 on chromosome 17q21.2."
"DOID:11612"	"polycystic ovary syndrome"	"A syndrome characterized by hyperandrogenism, polycystic ovaries, hirsutism, oligomenorrhea or amenorrhea, anovulation and excessive body weight."
"DOID:0060765"	"autosomal dominant Robinow syndrome 2"	"A Robinow syndrome characterized by autosomal dominant inheritance of mesomelic limb shortening, genital hypoplasia, and distinctive facial features that has_material_basis_in heterozygous mutation in the DVL1 gene on chromosome 1p36."
"DOID:11725"	"Cornelia de Lange syndrome"	"A syndrome that is characterized by slow growth before and after birth, intellectual disability that is usually severe to profound, skeletal abnormalities involving the arms and hands, and distinctive facial features."
"DOID:0090119"	"ankyloblepharon-ectodermal defects-cleft lip/palate syndrome"	"An ectodermal dysplasia that is characterized by ankyloblepharon filiforme adnatum and cleft lip and palate, and that has_material_basis_in heterozygous mutation in the tumor protein p63 (TP63) gene on chromosome 3q27."
"DOID:0060488"	"Pitt-Hopkins syndrome"@en	"A syndrome characterized by intellectual disability and developmental delay, breathing problems, recurrent seizures, and distinctive facial features and that has_material_basis_in heterozygous de novo mutations in the TCF4 gene in chromosome 18q21."
"DOID:0060647"	"cocoon syndrome"	"A syndrome that has_material_basis_in homozygous mutation in the CHUK gene on chromosome 10q24 and is characterized by multiple fetal malformations including defective face and seemingly absent limbs, which are bound to the trunk and encased under the skin."
"DOID:10632"	"Wolfram syndrome"	"A syndrome that is characterized by diabetes mellitus, optic atrophy, and deafness."
"DOID:0110984"	"Joubert syndrome 15"	"A Joubert syndrome characterized by ataxia, hypotonia, delayed psychomotor development, and variable mental retardation that has_material_basis_in homozygous mutation in the CEP41 gene on chromosome 7q32."
"DOID:0110830"	"Usher syndrome type 1C"	"An Usher syndrome type 1 that has_material_basis_in homozygous or compound heterozygous mutation in the USH1C gene on chromosome 11p15."
"DOID:0110833"	"Usher syndrome type 1E"	"An Usher syndrome type 1 that has_material_basis_in variation in the chromosome region 21q21."
"DOID:0060589"	"Yunis-Varon syndrome"	"A syndrome characterized by skeletal defects, including cleidocranial dysplasia and digital anomalies, and severe neurologic involvement with neuronal loss. Enlarged cytoplasmic vacuoles are found in neurons, muscle, and cartilage. It is usually lethal in infancy and has_material_basis_in homozygous or compound heterozygous mutation in the FIG4 gene on chromosome 6q21."
"DOID:0080344"	"blepharocheilodontic syndrome"@en	"A syndrome that is characterized by lower eyelid ectropion, upper eyelid distichiasis, euryblepharon, bilateral cleft lip and palate, and conical teeth."
"DOID:14796"	"Dubowitz syndrome"	"A syndrome that is a rare genetic disorder characterized by microcephaly, growth retardation and a characteristic facial appearance like small, round, triangular shaped with a pointed, receding chin, a broad, wide-tipped nose, and wide-set eyes with drooping eyelids."
"DOID:4534"	"Hallermann-Streiff syndrome"	"A syndrome that affects growth, cranial development, hair growth and dental development."
"DOID:0080345"	"blepharocheilodontic syndrome 1"@en	"A blepharocheilodontic syndrome that has_material_basis_in heterozygous mutation in the CDH1 gene on chromosome 16q22."
"DOID:2580"	"rhizomelic chondrodysplasia punctata"	"A chondrodysplasia punctata that is characterized by disproportionately short stature primarily affecting the proximal parts of the extremities, a typical facial appearance including a broad nasal bridge, epicanthus, high-arched palate, dysplastic external ears, and micrognathia, congenital contractures, characteristic ocular involvement, dwarfism, and severe mental retardation with spasticity."
"DOID:2581"	"chondrodysplasia punctata"	"A syndrome that is characterized by abnormal calcification of the epiphyses, causing stippling in radiography."
"DOID:0060231"	"Bruck syndrome"	"A syndrome characterized by a combination of multiple joint contractures and osteogenesis imperfecta."
"DOID:5683"	"hereditary breast ovarian cancer syndrome"	"A syndrome characterized by the higher than normal tendency associated with BRCA1 and BRCA2 to develop breast and ovarian cancers in genetically related families."
"DOID:0060482"	"oculoauricular syndrome"@en	"A syndrome characterized by microcornea, microphthalmia, anterior-segment dysgenesis, cataract, coloboma of various parts of the eye, abnormalities of the retinal pigment epithelium, and rod-cone dystrophy and a particular cleft ear lobule."
"DOID:9249"	"Beemer-Langer syndrome"	"A syndrome that results_in multiple congenital anomalies, including hydrops fetalis, facial and visceral abnormalities, short ribs, and short limbs without polydactyly."
"DOID:0080194"	"Carey-Fineman-Ziter syndrome"@en	"A syndrome characterized by hypotonia, Moebius sequence (bilateral congenital facial palsy with impairment of ocular abduction), Pierre Robin complex (micrognathia, glossoptosis, and high-arched or cleft palate), delayed motor milestones, and failure to thrive."
"DOID:9375"	"Fuchs' heterochromic uveitis"	"A syndrome that is a chronic unilateral (or rarely bilateral) iridocyclitis appearing with the triad of heterochromia, predisposition to cataracts and glaucoma, and keratitic percipitates on the posterior corneal surface."
"DOID:0111002"	"Joubert syndrome 7"	"A Joubert syndrome that has_material_basis_in mutation in the RPGRIP1L gene on chromosome 16q12.2."
"DOID:0070118"	"Meckel syndrome 4"	"A Meckel syndrome that has_material_basis_in an autosomal recessive mutation of CEP290 on chromosome 12q21.32."
"DOID:14731"	"Weaver syndrome"	"A syndrome that is characterized by prenatal and postnatal overgrowth, accelerated osseous maturation, characteristic craniofacial appearance, and developmental delay and has_material_basis_in heterozygous mutation in the EZH2 gene on chromosome 7q36."
"DOID:0070121"	"Meckel syndrome 7"	"A Meckel syndrome that has_material_basis_in an autosomal recessive mutation of NPHP3 on chromosome 3q22.1."
"DOID:0060339"	"chronic atrial and intestinal dysrhythmia"	"A syndrome characterized by a unique combination of cardiac arrhythmias and intestinal pseudo-obstruction. It has_material_basis_in the mutated SGOL1 protein. Distinctive clinical features include atrial dysrhythmias, sick sinus syndrome (SSS) and valve anomalies and chronic intestinal pseudo-obstruction (CIPO)."
"DOID:0110831"	"Usher syndrome type 1D"	"An Usher syndrome type 1 that has_material_basis_in homozygous or compound heterozygous mutation in the CDH23 gene on chromosome 10q22."
"DOID:0110618"	"primary ciliary dyskinesia 13"	"A primary ciliary dyskinesia that is characterized by inner and outer dynein arm defect, immotile cilia, and variable occurence of laterality defects and has_material_basis_in homozygous or compound heterozygous mutation in the LRRC50 gene on chromosome 16q23-q24."
"DOID:0110994"	"Joubert syndrome 25"	"A Joubert syndrome characterized by delayed psychomotor development, oculomotor apraxia, and molar tooth sign on brain MRI that has_material_basis_in homozygous or compound heterozygous mutation in the CEP104 gene on chromosome 1p36."
"DOID:0050144"	"Kartagener syndrome"	"A primary ciliary dyskinesia that is characterized by sinusitis, bronchiectasis and situs inversus with dextrocardia resulting from dysfunction of the cilia during embryologic development."
"DOID:0060232"	"branchiootic syndrome"	"A syndrome characterized by malformations of the outer, middle and inner ear and branchial and renal malformations. Mutations of the EYA1, SIX1 and SIX5 genes are associated with the syndrome."
"DOID:4837"	"Gorham's disease"	"A syndrome that is characterized by bone loss (osteolysis) which is often associated with swelling or abnormal blood vessel growth (angiomatous proliferation). Bone loss can occur in just one bone or spread to soft tissue and adjacent bones."
"DOID:0110986"	"Joubert syndrome 17"	"A Joubert syndrome characterized by episodic hyperpnea, abnormal eye movements, ataxia, and global psychomotor retardation that has_material_basis_in compound heterozygous mutation in the C5ORF42 gene on chromosome  5p13."
"DOID:0060483"	"MEDNIK syndrome"@en	"A syndrome characterized by mental retardation, enteropathy, deafness, peripheral neuropathy, ichthyosis, and keratoderma. It is cause by homozygous mutation in the AP1S1 gene on chromosome 7q22."
"DOID:0060565"	"Ritscher-Schinzel syndrome"	"A syndrome characterized by craniofacial (prominent occiputal and forehead, hypertelorism,  ocular coloboma, cleft palate), cerebellar (Dandy-Walker malformation, cerebellar vermis hypoplasia) and cardiac (tetralogy of Fallot, atrial and ventricular septal defects) anomalies."
"DOID:0050880"	"Koolen de Vries syndrome"	"A syndrome that is characterized by developmental delay, intellectual disability, muscle weakness (hypotonia), epilepsy, distinctive facial features and congenital malformations of the heart, urogenital tract and the central nervous system, and has_material_basis_in either a chromosome 17 (17q21.31) microdeletion or a mutation in the KANSL1-gene."
"DOID:0070115"	"Meckel syndrome 1"	"A Meckel syndrome that has_material_basis_in an autosomal recessive mutation of MKS1 on chromosome 17q22."
"DOID:0080201"	"Peters plus syndrome"@en	"A syndrome that is characterized by anterior chamber eye anomalies, short limbs with broad distal extremities, characteristic facial features, cleft lip/palate, and variable developmental delay/intellectual disability."
"DOID:0110610"	"primary ciliary dyskinesia 34"	"A primary ciliary dyskinesia that is characterized by autosomal recessive inheritance with childhood onset of recurrent sinopulmonary infections and male infertility and has_material_basis_in homozygous mutation in the DNAJB13 gene on chromosome 11q13."
"DOID:0060610"	"megacystis-microcolon-intestinal hypoperistalsis syndrome"	"A syndrome that is characterized by marked dilatation of the bladder and microcolon and decreased intestinal peristalsis."
"DOID:0110999"	"Joubert syndrome 4"	"A Joubert syndrome that has_material_basis_in deletions of the NPHP1 gene on chromosome 2q13."
"DOID:0080327"	"multinucleated neurons, anhydramnios, renal dysplasia, cerebellar hypoplasia and hydranencephaly"@en	"A syndrome that is characterized by severe hydranencephaly with almost complete absence of the cerebral hemispheres, which are replaced by fluid, relative preservation of the posterior fossa structures, and renal dysplasia or agenesis and has_material_basis_in autosomal recessive homozygous mutation in the CEP55 gene on chromosome 10q23."
"DOID:0110988"	"Joubert syndrome 2"	"A Joubert syndrome characterized by molar tooth sign on brain MRI, hypotonia, developmental delay, oculomotor apraxia, and breathing abnormalities that has_material_basis_in mutation in the TMEM216 gene on chromosome 11q12.2."
"DOID:0110838"	"Usher syndrome type 2A"	"An Usher syndrome type 2 characterized by moderate to severe sensorineural hearing loss, mainly affecting perception of high frequency sounds and progressive retinitis pigmentosa that has_material_basis_in homozygous or compound heterozygous mutation in the USH2A gene on chromosome 1q41."
"DOID:0111001"	"Joubert syndrome 6"	"A Joubert syndrome that has_material_basis_in homozygous or compound heterozygous mutation in the TMEM67 on chromosome 8q22."
"DOID:0110840"	"Usher syndrome type 2D"	"An Usher syndrome type 2 that has_material_basis_in by homozygous or compound heterozygous mutation in the WHRN gene on chromosome 9q32."
"DOID:0060614"	"ulnar-mammary syndrome"	"A syndrome that is characterized by posterior limb deficiencies or duplications, apocrine/mammary gland hypoplasia and, or dysfunction, abnormal dentition, delayed puberty in males, and genital anomalies and that has_material_basis_in heterozygous mutation in the TBX3 gene."
"DOID:0060289"	"Ohdo syndrome"	"A syndrome that is characterized by blepharophimosis, ptosis, dental hypoplasia, hearing impairment and intellectual disability."
"DOID:6686"	"Achard syndrome"	"A syndrome that involves arachnodactyly, receding lower jaw, and joint laxity limited to the hands and feet."
"DOID:0060590"	"XFE progeroid syndrome"	"A syndrome that is characterized by aged bird-like facies, lack of subcutaneous fat, dwarfism, cachexia and microcephaly and that has_ material_basis_in homozygous mutation in the ERCC4 gene on chromosome 16p13."
"DOID:0060377"	"orofaciodigital syndrome VII"	"An orofaciodigital syndrome that is characterized by oral, facial and digital abnormalities, and has_material_basis_in autosomal dominant inheritance."
"DOID:0110832"	"Usher syndrome type 1F"	"An Usher syndrome type 1 that has_material_basis_in caused by homozygous or compound heterozygous mutation in the PCDH15 gene on chromosome 10q."
"DOID:0110619"	"primary ciliary dyskinesia 33"	"A primary ciliary dyskinesia that is characterized by autosomal recessive inheritance with recurrent upper and lower respiratory infections and has_material_basis_in homozygous mutation in the GAS8 gene on chromosome 16q24."
"DOID:0060641"	"endocrine-cerebro-osteodysplasia syndrome"	"A syndrome that is characterized by multiple congenital defects in endocrine, cerebral, and skeletal systems leading to neonatal mortality; it has_material_basis_in mutation in the gene encoding intestinal cell kinase."
"DOID:0060767"	"autosomal dominant Robinow syndrome 3"	"A Robinow syndrome characterized by autosomal dominant inheritance of mesomelia, genital hypoplasia, and distinctive facial features comprising frontal bossing, prominent eyes, and a depressed nasal bridge that has_material_basis_in heterozygous mutation in the DVL3 gene on chromosome 3q27."
"DOID:4661"	"multiple chemical sensitivity"	"A syndrome that is an adverse physical reaction to low levels of many common chemicals."
"DOID:0111385"	"inclusion body myopathy with early-onset Paget disease of bone with or without frontotemporal dementia 1"	"An inclusion body myopathy with Paget disease of bone and frontotemporal dementia that has_material_basis_in heterozygous mutation in VCP on chromosome 9p13.3."
"DOID:4624"	"Ollier disease"	"A syndrome that is characterized by an asymmetric distribution of cartilagenous tumors, which may lead to skeletal deformities and limb-length discrepancy. This condition primarily affects the long bones and cartilage of the joints of the arms and legs, specifically the area where the shaft and head of a long bone meet."
"DOID:0110600"	"primary ciliary dyskinesia 29"	"A primary ciliary dyskinesia that is characterized by autosomal recessive inheritance with oligocilia and early childhood onset of recurrent respiratory infections, and has_material_basis_in homozygous or compound heterozygous mutation in the CCNO gene on chromosome 5p15."
"DOID:9250"	"acrocallosal syndrome"	"A syndrome that is an autosomal recessive disorder, which is characterized by corpus callosum agenesis, polydactyly, multiple dysmorphic features, motor and mental retardation."
"DOID:2508"	"Takayasu's arteritis"	"A syndrome that involves inflammation of the aorta that carries blood from the heart to the rest of the body."
"DOID:0060484"	"EAST syndrome"@en	"A syndrome characterize by seizures, sensorineural deafness, ataxia, mental retardation, and electrolyte imbalance and has_material_basis_in homozygous or compound heterozygous mutation in the KCNJ10 gene on chromosome 1q23."
"DOID:0060572"	"Ritscher-Schinzel syndrome 2"	"A Ritscher-Schinzel syndrome that has_material_basis_in mutation in the CCDC22 gene on chromosome Xp11."
"DOID:0110851"	"rhizomelic chondrodysplasia punctata type 1"	"A rhizomelic chondrodysplasia punctata that has_material_basis_in autosomal recessive inheritance of homozygous or compound heterozygous mutation in the PEX7 gene on chromosome 6q23.3."
"DOID:0050881"	"inclusion body myopathy with Paget disease of bone and frontotemporal dementia"	"A syndrome that is characterized by progressive proximal muscle weakness, steolytic bone lesions consistent with Paget disease, and frontotemporal dementia and has_material_basis_in mutation in the valosin containing protein."
"DOID:0070116"	"Meckel syndrome 2"	"A Meckel syndrome that has_material_basis_in an autosomal recessive mutation of TMEM216 on chromosome 11q12.2."
"DOID:0060535"	"Warsaw breakage syndrome"@en	"A syndrome mainly characterized by severe congenital microcephaly, growth restriction, and sensorineural hearing loss due to cochlear hypoplasia and that has_material_basis_in homozygous or compound heterozygous mutation in the DDX11 gene on chromosome 12p11."
"DOID:0070306"	"post-cardiac arrest syndrome"	"A syndrome that is characterized by four main components: post-cardiac arrest brain injury, post-cardiac arrest myocardial dysfunction, systemic ischemia reperfusion response, and persistent precipitating pathologies."
"DOID:0110982"	"Joubert syndrome 13"	"A Joubert syndrome that has_material_basis_in homozygous or compound heterozygous mutation in the TCTN1 gene on chromosome 12q24."
"DOID:0110630"	"Wolfram syndrome 2"	"An autosomal recessive neurodegenerative disorder characterized by diabetes mellitus, high frequency sensorineural hearing loss, optic atrophy or neuropathy, and defective platelet aggregation resulting in peptic ulcer bleeding. It has_material_basis_in autosomal recessive inheritance of homozygous or compound heterozygous mutation in the CISD2 gene on chromosome 4q24."
"DOID:0110981"	"Joubert syndrome 10"	"A Joubert syndrome that has_material_basis_in X-linked recessive inheritance of mutation in the OFD1 gene on chromosome Xp22.2."
"DOID:0050782"	"Zollinger-Ellison syndrome"	"A syndrome that is haracterized by the development of a one or more tumors (gastrinoma) in the pancreas, duodenum, or both that secrete excessive levels of gastrin, a hormone that stimulates production of acid by the stomach."
"DOID:0110996"	"Joubert syndrome 27"	"A Joubert syndrome that has_material_basis_in homozygous or compound heterozygous mutation in the B9D1 gene on chromosome 17p11."
"DOID:0060340"	"ciliopathy"	"A syndrome associated with mutations encoding defective proteins, which result in either abnormal function formation or function of cilia."
"DOID:0060378"	"orofaciodigital syndrome VIII"	"An orofaciodigital syndrome that is characterized by tongue lobulation, hypoplasia of the epiglottis, cleft lip, polydactyly, short stature and intellectual deficit, and has_material_basis_in X-linked recessive inheritance."
"DOID:0060239"	"Van der Woude syndrome"	"A syndrome characterized by the combination of lower lip pits, cleft lip with or without cleft palate and cleft palate alone."
"DOID:0110625"	"primary ciliary dyskinesia 20"	"A primary ciliary dyskinesia that is characterized by autosomal recessive inheritance with outer dynein arm defect, infantile onset of chronic sinopulmonary infections, and variable occurence of laterality defects and has_material_basis_in homozygous or compound heterozygous mutation in the CCDC114 gene on chromosome 19q13."
"DOID:0110611"	"primary ciliary dyskinesia 27"	"A primary ciliary dyskinesia that is characterized by autosomal recessive inheritance with neonatal respiratory distress, recurrent upper and lower airway disease, and bronchiectasis and has_material_basis_in homozygous mutation in the CCDC65 gene on chromosome 12q13."
"DOID:0110842"	"Usher syndrome type 3B"	"An Usher syndrome type 3 that has_material_basis_in homozygous mutation in the HARS gene on chromosome 5q31."
"DOID:0060485"	"Mowat-Wilson syndrome"@en	"A syndrome characterized by distinctive facial features, intellectual disability, delayed development, Hirschsprung disease and has_material_basis_in de novo heterozygous mutation in the ZEB2 gene on chromosome 2q22."
"DOID:0110852"	"rhizomelic chondrodysplasia punctata type 2"	"A rhizomelic chondrodysplasia punctata that has_material_basis_in autosomal recessive inheritance of homozygous or compound heterozygous mutation in the GNPAT gene on chromosome 1q42.2."
"DOID:0110835"	"Usher syndrome type 1H"	"An Usher syndrome type 1 that has_material_basis_in variation in the chromosome region 15q22-q23."
"DOID:14780"	"KBG syndrome"	"A syndrome that is characterized by short stature, moderate to severe degrees of mental retardation, developmental abnormalities of the limbs, bones of the spine (vertebrae), extremities, and/or underdevelopment of the bones of the skeleton."
"DOID:0080329"	"cold-induced sweating syndrome 1"@en	"A cold-induced sweating syndrome that has_material_basis_in homozygous or compound heterozygous mutation in the CRLF1 gene on chromosome 19p13 and is characterized in the neonatal period by orofacial weakness with impaired sucking and swallowing resulting in poor feeding necessitating medical intervention."
"DOID:0060294"	"cold-induced sweating syndrome"	"A syndrome that is characterized by profuse sweating induced by cold ambient temperature."
"DOID:0080515"	"Meier-Gorlin syndrome 4"@en	"A Meier-Gorlin syndrome that has_material_basis_in homozygous or compound heterozygous mutation in the CDT1 gene on chromosome 16q24."
"DOID:0080505"	"Cornelia de Lange syndrome 1"@en	"A Cornelia de Lange syndrome that has_material_basis_in heterozygous mutation in the NIPBL gene, which encodes a component of the cohesin complex, on chromosome 5p13."
"DOID:0110620"	"primary ciliary dyskinesia 35"	"A primary ciliary dyskinesia that is characterized by autosomal recessive inheritance with absent outer dynein arms, immotile cilia, variable occurence of laterality defects and recurrent upper and lower respiratory infections and has_material_basis_in homozygous mutation in the TTC25 gene on chromosome 17q21."
"DOID:0110987"	"Joubert syndrome 18"	"A Joubert syndrome that has_material_basis_in homozygous mutation in the TCTN3 gene on chromosome 10q24."
"DOID:0080106"	"microcephaly and chorioretinopathy 2"	"A syndrome that is characterized by delayed psychomotor development, visual impairment, and short stature and has_material_basis_in homozygous mutation in the PLK4 gene."
"DOID:6691"	"Aagenaes syndrome"	"A syndrome that is characterized by congenital hypoplasia of lymph vessels, which causes lymphedema of the legs and recurrent cholestasis in infancy, and slow progress to hepatic cirrhosis and giant cell hepatitis with fibrosis of the portal tracts."
"DOID:11042"	"Felty's syndrome"	"A syndrome that results_in rheumatoid arthritis, splenomegaly and neutropenia."
"DOID:0110602"	"primary ciliary dyskinesia 11"	"A primary ciliary dyskinesia that is characterized by reduced exercise tolerance, chronic wet cough, recurrent respiratory infections, bronchiectasis, nasal symptoms, ear obstruction with consequent hearing problems, low weight, and short stature, and has_material_basis_in homozygous or compound heterozygous mutation in the RSPH4A gene on chromosome 6q22."
"DOID:0080514"	"Meier-Gorlin syndrome 3"@en	"A Meier-Gorlin syndrome that has_material_basis_in homozygous or compound heterozygous mutation in the ORC6 gene on chromosome 16q11."
"DOID:0110853"	"rhizomelic chondrodysplasia punctata type 3"	"A rhizomelic chondrodysplasia punctata that has_material_basis_in autosomal recessive inheritance of homozygous or compound heterozygous mutation in the AGPS gene on chromosome 2q31.2."
"DOID:0080506"	"Cornelia de Lange syndrome 2"@en	"A Cornelia de Lange syndrome that has_material_basis_in a mutation in the SMC1A gene, which encodes a subunit of the cohesin complex, on chromosome Xp11."
"DOID:0060291"	"oculodentodigital dysplasia"	"A syndrome characterized by craniofacial, neurologic, limb and ocular abnormalities."
"DOID:0060225"	"3MC syndrome"	"A syndrome characterized by blepharophimosis, blepharoptosis, highly arched eyebrows hypertelorism, cleft lip and palate, postnatal growth deficiency, cognitive impairment, hearing loss and, in a smaller percentage of cases, craniosynostosis, radioulnar synostosis and genital and vesicorenal anomalies. It encompasses four disorders that were previously designated the Malpuech, Michels, Mingarelli and Carnevale syndromes."
"DOID:0110621"	"primary ciliary dyskinesia 17"	"A primary ciliary dyskinesia that is characterized by autosomal recessive inheritance with inner and outer dynein arm defect, early infantile onset of respiratory distress, and variable occurence of laterality defects and has_material_basis_in homozygous mutation in the CCDC103 gene on chromosome 17q21."
"DOID:0060238"	"Van Maldergem syndrome"	"A syndrome characterized by facial abnormalities such as telecanthus, epicanthus, broad flattened nose, large inverted W-shaped mouth and malformed ears, malformed extremities such as camptodactyly, clinodactyly, interdigital webbing and joint hyperlaxity and mental retardation."
"DOID:0080180"	"Zika virus congenital syndrome"@en	"A syndrome that is characterized in neonates by microcephaly, craniofacial disproportion, spasticity, seizures, irritability and brainstem dysfunction including feeding difficulties, ocular abnormalities and findings on neuroimaging such as calcifications, cortical disorders and ventriculomegaly and has_material_basis_in the acquisition of Zika virus infection in utero."
"DOID:0050526"	"Gamstorp-Wohlfart syndrome"	"A syndrome characterized by progressive weakness and atrophy of muscles in feet, legs and hands. In some patients the syndrome also causes decreased sensitivity to touch, heat or cold, particularly in the lower arms or legs."
"DOID:0080330"	"cold-induced sweating syndrome 2"@en	"A cold-induced sweating syndrome that has_material_basis_in compound heterozygous mutation in the CLCF1 gene on chromosome 11q13."
"DOID:0060644"	"chondrodysplasia-pseudohermaphroditism syndrome"	"A syndrome characterized by the clinical features of 46,XY complete gonadal dysgenesis in association with severe dwarfism with generalized chondrodysplasia."
"DOID:0090002"	"Tietz syndrome"	"A syndrome that is characterized by congenital profound bilateral sensorineural hearing loss and generalized albino-like hypopigmentation of skin, eyes and hair that has_material_basis_in mutation in the MITF gene on chromosome 3p13."
"DOID:0110998"	"Joubert syndrome 3"	"A Joubert syndrome that has_material_basis_in homozygous mutation in the AHI1 gene on chromosome 6q23.3."
"DOID:0060858"	"hypotonia-cystinuria syndrome"@en	"A syndrome that has_material_basis_in homozygous deletion on chromosome 2p21 that disrupts the SLC3A1 and PREPL genes. The deletion ranges in size from 23.8 to 75.5 kb. Itis characterized_by neonatal and infantile hypotonia and failure to thrive, cystinuria type 1 and nephrolithiasis, growth retardation due to growth hormone deficiency, and minor facial dysmorphism."
"DOID:0060559"	"lethal congenital contracture syndrome 1"@en	"A lethal congenital contracture syndrome that has_material_basis_in homozygous or compound heterozygous mutation in the mRNA export mediator GLE1 on chromosome 9q34."
"DOID:0110626"	"primary ciliary dyskinesia 2"	"A primary ciliary dyskinesia that is characterized by autosomal recessive inheritance with inner and outer dynein arm defect, otitis media, sinusitis, chronic cough, recurrent respiratory infections, and variable occurence of laterality defects and has_material_basis_in homozygous mutation in the DNAAF3 gene on chromosome 19q13."
"DOID:0110603"	"primary ciliary dyskinesia 32"	"A primary ciliary dyskinesia that is characterized by autosomal recessive inheritance with near absence of radial spokes, respiratory distress in term neonates, impaired mucociliary clearance, chronic respiratory infections, bronchiectasis, and infertility and has_material_basis_in homozygous or compound heterozygous mutation in the RSPH3 gene on chromosome 6q25."
"DOID:0060575"	"3MC syndrome 1"	"A 3MC syndrome that has_material_basis_in autosomal recessive inheritance of homozygous mutation in the mannan binding lectin serine peptidase 1 gene (MASP1) on chromosome 3q27."
"DOID:0110854"	"rhizomelic chondrodysplasia punctata type 5"	"A rhizomelic chondrodysplasia punctata that has_material_basis_in autosomal recessive inheritance of homozygous or compound heterozygous mutation in the PEX5 gene on chromosome 12p13.31."
"DOID:0110985"	"Joubert syndrome 16"	"A Joubert syndrome characterized by molar tooth sign on brain imaging, oculomotor apraxia, variable coloboma, and rare kidney involvement that has_material_basis_in homozygous mutation in the TMEM138 gene on chromosome 11q."
"DOID:0060380"	"orofaciodigital syndrome X"	"An orofaciodigital syndrome that is characterized by facial, oral and digital deformities as well as radial shortening, fibular agenesis and coalescence of tarsal bones."
"DOID:0110622"	"primary ciliary dyskinesia 9"	"A primary ciliary dyskinesia that is characterized by autosomal recessive inheritance with outer dynein arm defect, neonatal respiratory distress, sinusitis, otitis, bronchiectasis, and variable occurence of laterality defects and has_material_basis_in homozygous mutation in the DNAI2 gene on chromosome 17q25."
"DOID:0050740"	"Qazi Markouizos syndrome"	"A syndrome that is characterized by hypotonia, congenital fiber type disproportion and dysharmonic skeletal maturation."
"DOID:0060349"	"microcephaly with or without chorioretinopathy, lymphedema, or mental retardation"	"A syndrome characterized byvariable expression of microcephaly, ocular disorders including chorioretinopathy, congenital lymphedema of the lower limbs, and mild to moderate intellectual disability."
"DOID:0060469"	"Miller-Dieker lissencephaly syndrome"	"A syndrome characterized by classical lissencephaly and distinct facial features and has_material_basis_in submicroscopic deletions of 17p13.3, including the LIS1 gene."
"DOID:0110837"	"Usher syndrome type 1K"	"An Usher syndrome type 1 that has_material_basis_in variation in the chromosome region 10p11.21-q21.1."
"DOID:0110599"	"primary ciliary dyskinesia 3"	"A primary ciliary dyskinesia that is characterized by autosomal recessive inheritance with outer dynein arm defect, ciliary akinesia and variable occurence of situs inversus and has_material_basis_in homozygous or compound heterozygous mutation in the DNAH5 gene on chromosome 5p15."
"DOID:0110623"	"primary ciliary dyskinesia 15"	"A primary ciliary dyskinesia that is characterized by autosomal recessive inheritance with inner dynein arm defect, axonemal disorganization, recurrent respiratory infections and has_material_basis_in homozygous or compound heterozygous mutation in the CCDC40 gene on chromosome 17q25."
"DOID:0110604"	"primary ciliary dyskinesia 18"	"A primary ciliary dyskinesia that is characterized by autosomal recessive inheritance with outer and inner dynein arm defect, early infantile onset of recurrent sinopulmonary infections, male infertility, and variable occurence of situs inversus and has_material_basis_in homozygous mutation in the HEATR2 gene on chromosome 7p22."
"DOID:0110980"	"Joubert syndrome 1"	"A Joubert syndrome that has_material_basis_in homozygous mutation in the INPP5E gene on chromosome 9q34."
"DOID:0060576"	"3MC syndrome 2"	"A 3MC syndrome that has_material_basis_in autosomal recessive inheritance of homozygous mutation in the collectin subfamily member 11 gene (COLEC11) on chromosome 2p25."
"DOID:0060577"	"3MC syndrome 3"	"A 3MC syndrome that has_material_basis_in a compound heterozygous mutation in the COLEC10 gene on chromosome 8q24."
"DOID:0050885"	"IMAGe syndrome"	"A syndrome that is characterized by intrauterine growth restriction, metaphyseal dysplasia, adrenal hypoplasia congenita, genital abnormalities and has_material_basis_in heterozygous mutation in the CDKN1C gene."
"DOID:13087"	"Lown-Ganong-Levine syndrome"	"A syndrome that involves pre-excitation of the ventricles due to an accessory pathway providing an abnormal electrical communication from the atria to the ventricles."
"DOID:0080352"	"X-linked chondrodysplasia punctata 2"@en	"A chondrodysplasia puncata that has_material_basis_in mutation in the gene encoding delta(8)-delta(7) sterol isomerase emopamil-binding protein on chromosome Xp11."
"DOID:0080583"	"Wolfram syndrome, mitochondrial form"@en	"A Wolfram syndrome that has_material_basis_in mutation in mtDNA."
"DOID:2907"	"Goldenhar syndrome"	"A syndrome that is characterized by incomplete development of the ear, nose, soft palate, lip, and mandible. It is associated with anomalous development of the first branchial arch and second branchial arch."
"DOID:0080509"	"Cornelia de Lange syndrome 5"@en	"A Cornelia de Lange syndrome that has_material_basis_in by mutation in the HDAC8 gene on chromosome Xq13."
"DOID:0110989"	"Joubert syndrome 20"	"A Joubert syndrome that has_material_basis_in compound heterozygous mutation in the TMEM231 gene on chromosome 16q23."
"DOID:0060227"	"Adams-Oliver syndrome"	"A syndrome characterized by defects of the scalp (aplasia cutis congenita), abnormalities of the fingers, toes, arms and legs."
"DOID:0060558"	"lethal congenital contracture syndrome"@en	"A syndrome characterized by congenital nonprogressive joint contractures. The contractures can involve the upper or lower limbs and/or the vertebral column, leading to various degrees of flexion or extension limitations evident at birth."
"DOID:0111245"	"palmoplantar keratoderma and congenital alopecia 2"	"An ectodermal dysplasia characterized by autosomal recessive inheritance of alopecia, progressive palmoplantar hyperkeratosis resulting in sclerodactyly and usually associated with cataracts and pseudoainhum formation."
"DOID:9778"	"irritable bowel syndrome"	"A syndrome that is a functional bowel disorder characterized by chronic abdominal pain, discomfort, bloating, and alteration of bowel habits in the absence of any detectable organic cause."
"DOID:0060654"	"lethal congenital contracture syndrome 4"	"A lethal congenital contracture syndrome that has_material_basis_in homozygous mutation in the MYBPC1 gene on chromosome 12q23."
"DOID:0070120"	"Meckel syndrome 6"	"A Meckel syndrome that has_material_basis_in an autosomal recessive mutation of CC2D2A on chromosome 4p15.32."
"DOID:0110624"	"primary ciliary dyskinesia 30"	"A primary ciliary dyskinesia that is characterized by autosomal recessive inheritance with outer dynein arm defect, recurrent upper and lower airway disease, bronchiectasis, nasal blockages, polyps, otitis media, and variable occurence of laterality defects and has_material_basis_in homozygous mutation in the CCDC151 gene on chromosome 19p13."
"DOID:0090066"	"Fanconi-like syndrome"	"A syndrome characterized by pancytopenia, immune deficiency and cutaneous malignancies."
"DOID:0070122"	"Meckel syndrome 8"	"A Meckel syndrome that has_material_basis_in an autosomal recessive mutation of TCTN2 on chromosome 12q24.31."
"DOID:0110606"	"primary ciliary dyskinesia 6"	"A primary ciliary dyskinesia that is characterized by partial outer dynein arm defect and has_material_basis_in mutation in the TXNDC3 gene on the chromosome 7p14.1."
"DOID:0060578"	"Noonan syndrome 1"	"A Noonan syndrome that has_material_basis_in the PTPN11 gene on chromosome 12q24."
"DOID:0110608"	"primary ciliary dyskinesia 19"	"A primary ciliary dyskinesia that is characterized by autosomal recessive inheritance with outer and inner dynein arm defect, chronic sinopulmonary infections, asthenospermia, and immotile cilia and has_material_basis_in homozygous mutation in the LRRC6 on chromosome 8q24."
"DOID:0110595"	"Stromme syndrome"	"A primary ciliary dyskinesia that is characterized by autosomal recessive inheritance and ciliopathy with some type of intestinal atresia, variable ocular abnormalities, microcephaly, and has_material_basis_in compound heterozygous mutation in the CENPF gene on chromosome 1q41."
"DOID:0070117"	"Meckel syndrome 3"	"A Meckel syndrome that has_material_basis_in an autosomal recessive mutation of TMEM67 on chromosome 8q22.1."
"DOID:4491"	"persian gulf syndrome"	"A syndrome affecting returning military veterans and civilian workers of the Gulf War."
"DOID:0110839"	"Usher syndrome type 2C"	"An Usher syndrome type 2 that has_material_basis_in homozygous or compound heterozygous mutation in the ADGRV1 gene on chromosome 5q14."
"DOID:14679"	"VACTERL association"	"A syndrome that is characterized by the presence of at least three of the following: vertebral defects, anal atresia, cardiac defects, tracheo-esophageal fistula, renal anomalies, and limb abnormalities."
"DOID:0060365"	"mandibulofacial dysostosis with alopecia"	"A syndrome characterized by malar and mandibular hypoplasia, typically associated with abnormalities of the ears and eyelids, and with alopecia."
"DOID:0050549"	"Saldino-Noonan syndrome"	"A syndrome characterized by congenital heart defects, failure to thrive, short stature, cognitive dysfunction, pectus excavatum, coagulation defects and craniofacial defects and that has_material_basis_in the mutation in the Ras/mitogen activated protein kinase."
"DOID:0110983"	"Joubert syndrome 14"	"A Joubert syndrome characterized by severe mental retardation, hypoplasia of the cerebellar vermis and molar tooth sign on brain imaging, hypotonia, abnormal breathing pattern in infancy, and dysmorphic facial features that has_material_basis_in homozygous or compound heterozygous mutation in the TMEM237 gene on chromosome 2q33."
"DOID:0060221"	"Maffucci syndrome"	"A syndrome characterized by the presence of multiple enchondromas (benign growths of cartilage) associated with multiple hemangiomas."
"DOID:9007"	"sudden infant death syndrome"	"A syndrome that is characterized by the sudden death of an infant that is not predicted by medical history and remains unexplained after a thorough forensic autopsy and detailed death scene investigation."
"DOID:0110594"	"primary ciliary dyskinesia 1"	"A primary ciliary dyskinesia that is characterized by autosomal recessive inheritance with outer dynein arm defect and in about half of patients situs inversus and has_material_basis_in compound heterozygous mutation in the DNAI1 gene on chromosome 9p13."
"DOID:6692"	"Barre-Lieou syndrome"	"A syndrome that involves occipital head aches, nystagmus on head movement, tinnitus, spasms, blurred vision, corneal hyperaesthesia, and corneal ulcers."
"DOID:0110841"	"Usher syndrome type 3A"	"An Usher syndrome type 3 that has_material_basis_in homozygous or compound heterozygous mutation in the CLRN1 gene on chromosome 3q25."
"DOID:0111528"	"Naegeli-Franceschetti-Jadassohn syndrome"	"A ectodermal dysplasia characterized by reticulate hyperpigmentation that made fade with age, palmoplantar keratoderma, absence of dermatoglyphics, abnormal sweat function and dental anomalies that has_material_basis_in heterozygous mutation in KRT14 on chromosome 17q21.2."
"DOID:0110627"	"primary ciliary dyskinesia 26"	"A primary ciliary dyskinesia that is characterized by autosomal recessive inheritance with inner and outer dynein arm defect, neonatal respiratory distress, recurrent upper and lower airway disease, bronchiectasis, and variable occurence of laterality defects and has_material_basis_in homozygous or compound heterozygous mutation in the C21ORF59 gene on chromosome 21q22."
"DOID:0111386"	"inclusion body myopathy with early-onset Paget disease of bone with or without frontotemporal dementia 3"	"An inclusion body myopathy with Paget disease of bone and frontotemporal dementia that has_material_basis_in heterozygous mutation in HNRNPA1 on chromosome 12q13.13."
"DOID:0070119"	"Meckel syndrome 5"	"A Meckel syndrome that has_material_basis_in an autosomal recessive mutation of RPGRIP1L on chromosome 16q12.2."
"DOID:0060612"	"abdominal obesity-metabolic syndrome 3"	"An abdominal obesity-metabolic syndrome that has_material_basis_in heterozygous mutation in the DYRK1B gene on chromosome 19q13."
"DOID:0110629"	"Wolfram syndrome 1"	"An autosomal recessive disease that is characterized by diabetes mellitus, optic atrophy, and deafness as well as various other possible disorders and has_material_basis_in autosomal recessive inheritance of homozygous or compound heterozygous mutation in the WFS1 gene on chromosome 4p16.1."
"DOID:0110609"	"primary ciliary dyskinesia 23"	"A primary ciliary dyskinesia that is characterized by autosomal recessive inheritance with outer dynein arm defect, respiratory distress and recurrent upper and lower airway infections, and variable occurence of situs inversus and has_material_basis_in homozygous or compound heterozygous mutation in the ARMC4 gene on chromosome 10p."
"DOID:11824"	"multicentric reticulohistiocytosis"	"A syndrome that is characterized by papulonodular skin lesions containing a proliferation of true macrophages associated with arthritis."
"DOID:0110596"	"primary ciliary dyskinesia 21"	"A primary ciliary dyskinesia that is characterized by autosomal recessive inheritance with a missing Nexin link, infantile onset of chronic sinopulmonary infections, and has_material_basis_in homozygous mutation in the DRC1 gene on chromosome 2p23."
"DOID:0080512"	"Meier-Gorlin syndrome 1"@en	"A Meier-Gorlin syndrome that has_material_basis_in homozygous or compound heterozygous mutation in the ORC1 gene on chromosome 1p32."
"DOID:0110628"	"primary ciliary dyskinesia 24"	"A primary ciliary dyskinesia that is characterized by autosomal recessive inheritance with sinopulmonary infection and subfertility and has_material_basis_in homozygous or compound heterozygous mutation in the RSPH1 gene on chromosome 21q22."
"DOID:0050834"	"CHARGE syndrome"	"A syndrome that is acterized by a pattern of congenital anomalies including choanal atresia and malformations of the heart, inner ear, and retina."
"DOID:0060581"	"Noonan syndrome 3"	"A Noonan syndrome that has_material_basis_in heterozygous mutation in the KRAS gene."
"DOID:0111244"	"palmoplantar keratoderma and congenital alopecia 1"	"An ectodermal dysplasia characterized by autosomal dominant inheritance of severe hyperkeratosis, congenital alopecia, and in some patients nail anomalies that has_material_basis_in heterozygous mutation in GJA1 on 6q22.31."
"DOID:13482"	"Proteus syndrome"	"A syndrome that is characterized by overgrowth of the bones, skin, and other tissues."
"DOID:0080533"	"Carney-Stratakis syndrome"@en	"A syndrome that is characterized by the presence of multicentric paragangliomas and multifocal gastrointestinal stromal sarcoma tumors."
"DOID:0080105"	"microcephaly and chorioretinopathy 1"	"A syndrome that is characterized by delayed psychomotor development and visual impairment, often accompanied by short stature and has_material_basis_in homozygous or compound heterozygous mutation in the TUBGCP6 gene."
"DOID:2926"	"Klippel-Trenaunay syndrome"	"A syndrome that is characterized by large cutaneous hemangiomata with hypertrophy of the related bones and soft tissues."
"DOID:0110597"	"primary ciliary dyskinesia 22"	"A primary ciliary dyskinesia that is characterized by autosomal recessive inheritance with outer and inner dynein arm defect, recurrent respiratory infections, persistent rhinosinusitis, otitis media, chronic cough, variable presence of situs abnormalities, and has_material_basis_in homozygous or compound heterozygous mutation in the ZMYND10 gene on chromosome 3p21."
"DOID:0060476"	"Perlman syndrome"	"A syndrome characterized by polyhydramnios with neonatal macrosomia, nephromegaly, distinctive facial appearance, renal dysplasia, nephroblastomatosis, and predisposition to Wilms tumor. It shows similarities to Beckwith-Wiedemann syndrome."
"DOID:0060653"	"lethal congenital contracture syndrome 3"	"A lethal congenital contracture syndrome that has_material_basis_in homozygous mutation in the PIP5K1C gene on chromosome 19p13."
"DOID:0080107"	"microcephaly and chorioretinopathy 3"	"A syndrome that is characterized by congenital microcephaly and chorioretinal dysplasia associated with poor vision and nystagmus and has_material_basis_in compound heterozygous mutation in the TUBGCP4 gene."
"DOID:0060584"	"Noonan syndrome 6"	"A Noonan syndrome that has_material_basis in  heterozygous mutation in the NRAS gene on chromosome 1p13."
"DOID:3047"	"Wissler's syndrome"	"A syndrome that is characterized by four typical symptoms: polymorphous exanthemas, recurrent high fever, leucocytosis and arthralgia."
"DOID:0060566"	"Holzgreve-Wagner-Rehder Syndrome"@en	"A syndrome characterized by Potter sequence, heart defect, cleft palate, polydactyly, and skeletal defects."
"DOID:0111353"	"arthrogryposis, renal dysfunction, and cholestasis 1"	"An arthrogryposis, renal dysfunction, and cholestasis that has_material_basis_in homozygous or compound heterozygous mutation in VPS33B on 15q26.1."
"DOID:0111510"	"Marshall syndrome"	"An ectodermal dysplasia characterized by hypoplasia of the maxilla, nasal bones, and frontal sinuses, as well as calvarial thickening, myopia, early-onset cataracts, and sensorineural hearing loss that has_material_basis_in heterozygous or homozygous mutation (most frequently affecting splice sites) in COL11A1 on chromosome 1p21.1. Mutations, typically null, in COL11A1 may also cause Stickler syndrome."
"DOID:0080516"	"Meier-Gorlin syndrome 5"@en	"A Meier-Gorlin syndrome that has_material_basis_in homozygous mutation in the CDC6 gene on chromosome 17q21."
