name	url	type
a GO tool	https://agotool.org/	resource
AAgAtlas: Human AutoAntigen Db	http://biokb.ncpsb.org.cn/aagatlas/index.php	resource
ABCkb	https://github.com/atrautm1/ABCkb	resource
ADEPTUS	http://acgt.cs.tau.ac.il/adeptus/	resource
African Human Microbiome Portal	https://microbiome.h3abionet.org/	resource
AllEnricher	https://github.com/zd105/AllEnricher	resource
AllerGAtlas 	https://pubmed.ncbi.nlm.nih.gov/29688358/	resource
Alliance of Genome Resources	https://www.alliancegenome.org/	resource
Allotrope Foundation Ont (AFO)	https://www.allotrope.org/	ontology
Alzheimer Gene Assoc Classifier	https://www.doi.org/10.1016/j.humgen.2024.201309	methodology
AlzKB: Alzheimerâ€™s KB	https://alzkb.ai/	resource
ANDES	https://github.com/ylaboratory/ANDES	methodology
Annot	https://annot.readthedocs.io/en/latest/index.html	resource
Antibiotic Resistance Ont (ARO)	https://obofoundry.org/ontology/aro.html	ontology
Apollo Structured Vocabulary	https://obofoundry.org/ontology/apollo_sv.html	ontology
ARAX	https://arax.rtx.ai/	resource
Arena-Idb	http://ncrnadb.scienze.univr.it/sites/arenaidb/	resource
Argo	http://argo.nactem.ac.uk/	resource
ASDmiR	https://github.com/chenchenxiong/ASDmiR	resource
ATD: Autophagy To Disease	http://auto2disease.nwsuaflmz.com/	resource
AuDis	https://pubmed.ncbi.nlm.nih.gov/27278815/	resource
AutismKB	http://autismkb.cbi.pku.edu.cn/	resource
BALDR	https://baldr.cpr.ku.dk	resource
BEAVR	https://github.com/developerpiru/BEAVR	resource
Bio-SimLex	https://www.repository.cam.ac.uk/handle/1810/276631	resource
Bio-SimVerb	https://www.repository.cam.ac.uk/handle/1810/276631	resource
Bio2RDF	http://bio2rdf.org/	resource
BioASQ	http://bioasq.org/	resource
BioASQ-QA	https://doi.org/10.5281%2Fzenodo.7655130	resource
BioAssay Ontology (BAO)	http://bioassayontology.org/	ontology
BioCreative V	http://www.biocreative.org/news/biocreative-v/	resource
BioDataome	http://dataome.mensxmachina.org/	resource
BioGrid	https://thebiogrid.org/	resource
biomappings	https://github.com/biopragmatics/biomappings	resource
BiomarkerKB	https://biomarkerkb.org/	resource
Biomodels	https://www.ebi.ac.uk/biomodels-main/	resource
BioMuta	https://hive.biochemistry.gwu.edu/biomuta	resource
BIONDA	http://bionda.mpc.ruhr-uni-bochum.de/	resource
BioNELL	https://www.semanticscholar.org/paper/Bootstrapping-Biomedical-Ontologies-for-Scientific-Movshovitz-Attias-Cohen/415d4231cab5ddee73e2ed536d033d5c31f24b4a	methodology
BioPortal	https://bioportal.bioontology.org/ontologies/DOID	resource
BioTAGME	https://biotagme.eu/	resource
BioThings API ecosystem	https://biothings.io	resource
BioWES	http://www.biowes.org/	resource
BioXpress	https://hive.biochemistry.gwu.edu/bioxpress	resource
BLAT2DOLite	https://pubmed.ncbi.nlm.nih.gov/27315278/	resource
BO-LSTM	https://bio.tools/BO-LSTM	resource
BPLLDA	https://pubmed.ncbi.nlm.nih.gov/30459803	methodology
BrainBase	https://ngdc.cncb.ac.cn/brainbase/index	resource
brainMI	https://pubmed.ncbi.nlm.nih.gov/34727570	methodology
BRD: Biosurveillance Resource Dir	https://brd.bsvgateway.org/	resource
Breast Cancer Fuzzy Ont (BCFO)	https://www.ncbi.nlm.nih.gov/pmc/articles/PMC8500271/#Sec12	ontology
BRWLDA	https://www.ncbi.nlm.nih.gov/pmc/articles/PMC5601150/	methodology
Cancer Genome Interpreter	https://www.cancergenomeinterpreter.org/mutations	resource
CancerMIRNome	http://bioinfo.jialab-ucr.org/CancerMIRNome/	resource
Cardiovasc Dis Ontology (CVDO)	https://obofoundry.org/ontology/cvdo.html	ontology
CBGDA	http://cbgda.zhounan.org/main	resource
cBioportal	https://www.cbioportal.org/	resource
CCAS	https://ngdc.cncb.ac.cn/ccas/	resource
CDA-SKAG	https://www.doi.org/10.3934/mbe.2023345	methodology
CEDAR	https://cedar.iedb.org/	resource
CEDAR OnDemand	https://bmcbioinformatics.biomedcentral.com/articles/10.1186/s12859-018-2247-6	resource
Cell Culture Ontology (CCONT)	https://obofoundry.org/ontology/clo.html	ontology
Cell Line Ontology (CLO)	https://obofoundry.org/ontology/clo.html	ontology
Cell Taxonomy	https://ngdc.cncb.ac.cn/celltaxonomy	resource
CFDE: Common Fund Data Ecosystem	https://data.cfde.cloud/	resource
CHEAR Ontology	https://www.niehs.nih.gov/research/supported/exposure/hhear/index.cfm	ontology
ChemDIS	https://cwtung.kmu.edu.tw/chemdis/	resource
ChemFOnt	https://www.chemfont.ca/	ontology
ChIPseeker	https://bioconductor.org/packages/release/bioc/html/ChIPseeker.html	resource
Circ2Disease	http://bioinformatics.zju.edu.cn/Circ2Disease/disease.html	resource
CircR2Cancer	https://pmc.ncbi.nlm.nih.gov/articles/articles/PMC7661096	resource
circRNADisease	http://cgga.org.cn/circRNADisease/	resource
CIViC	https://civicdb.org/home	resource
CIViCMine	http://bionlp.bcgsc.ca/civicmine/	resource
ClinGen	https://www.clinicalgenome.org/	resource
clusterProfiler	http://bioconductor.org/packages/release/bioc/html/clusterProfiler.html	resource
COEXPEDIA	https://www.coexpedia.org/	resource
Cognitive DDx Asst in Rare Dis	https://ieeexplore.ieee.org/document/8513041	methodology
COGR: Canadian Open Genet Repo	http://opengenetics.ca/	resource
CoMentG	https://csbg.cnb.csic.es/CoMentG/	resource
comoRbidity	https://bitbucket.org/ibi_group/comorbidity	resource
CoNVaQ	https://convaq.compbio.sdu.dk/	resource
Coronavirus Infect Dis Ont (CIDO)	https://github.com/CIDO-ontology/cido	ontology
COSMONET	http://bioinfo.na.iac.cnr.it/cosmonet/	resource
COVID-19Base	https://covidbase-v3.vercel.app/	resource
CryptoGene DB	https://pubmed.ncbi.nlm.nih.gov/27370962/	resource
CSgator: Compound Set Navigator	http://csgator.ewha.ac.kr/	resource
CSGene: Cell Senesc Gene Db	http://csgene.bioinfo-minzhao.org/	resource
CTD: Compar Toxicogenomic Db	http://ctdbase.org/	resource
CTD2: Cancer Target Discov & Dev	https://ocg.cancer.gov/programs/ctd2	resource
CTR-DB	http://ctrdb.ncpsb.org.cn/	resource
CVSARRP	https://www.ncbi.nlm.nih.gov/pmc/articles/PMC10041818/	methodology
D2H2	https://d2h2.maayanlab.cloud/	resource
DAISY: Data Information System	https://github.com/elixir-luxembourg/daisy	resource
DanioNet	https://www.inetbio.org/danionet/search.php	resource
Darling	http://bib.fleming.gr:8084/app/darling	resource
Data Use Ontology (DUO)	https://obofoundry.org/ontology/duo.html	ontology
dbBact Kb	http://dbbact.org	resource
dbEMT	http://dbemt.bioinfo-minzhao.org/	resource
dbGaP	https://www.ncbi.nlm.nih.gov/gap	resource
DcGO	http://supfam.org/SUPERFAMILY/dcGO/	resource
dcGOR	https://cran.r-project.org/web/packages/dcGOR/index.html	resource
DDCM: Disease-Drug Corr Method	https://pubmed.ncbi.nlm.nih.gov/38791306	methodology
DDKG: Data Distillery KG	https://dd-kg-ui.cfde.cloud/	resource
DeCoaD	https://www.ncbi.nlm.nih.gov/CBBresearch/Yu/mn/DeCoaD/	resource
DeepciRGO	http://denglab.org/DeepciRGO/	resource
DeepGO	https://deepgo.cbrc.kaust.edu.sa/deepgo/	resource
DEEPScreen	https://github.com/cansyl/DEEPScreen	resource
Dermatological Dis Ont (DermO)	http://aber-owl.net/ontology/DERMO/#/	ontology
DES-Amyloidosis	https://www.cbrc.kaust.edu.sa/des-amyloidosis/home/	resource
DES-Mutation	https://www.nature.com/articles/s41598-018-31439-w	resource
DES-ROD: RNA Oxid & Dis	https://www.cbrc.kaust.edu.sa/des-rod/home/	resource
DES-Tcell	https://pmc.ncbi.nlm.nih.gov/articles/PMC8275784/	resource
DEXTER	http://biotm.cis.udel.edu/DEXTER	resource
DGA: Disease and Gene Annot	https://labworm.com/tool/dga	resource
DHOSGR	https://www.doi.org/10.2174/1574893618666221118092849	methodology
Diabetes Mellit Treat Ont (DMTO)	https://bioportal.bioontology.org/ontologies/DMTO	ontology
dictyBase	http://dictybase.org/	resource
Digital Phenotype Explorer	https://phenotype.digital/	resource
DincRNA	https://academic.oup.com/bioinformatics/article/34/11/1953/4820333	resource
Disease Maps	https://disease-maps.io/	resource
DISEASES	https://diseases.jensenlab.org	resource
Diseasomics knowledge system	https://triage.cyberneticcare.com/diseasePrediction	resource
DisGeNET	http://www.disgenet.org/	resource
DiSignAtlas	http://www.inbirg.com/disignatlas/	resource
DISNET	http://disnet.ctb.upm.es/	resource
DISNOR	https://disnor.uniroma2.it/	resource
DisPhaseDB	http://disphasedb.leloir.org.ar/	resource
DisSetSim	https://jbiomedsem.biomedcentral.com/articles/10.1186/s13326-017-0140-2	resource
DisSim	https://www.nature.com/articles/srep30024	resource
DLMPM	https://www.ncbi.nlm.nih.gov/pmc/articles/PMC8985251	methodology
DoCM: Db of Curated Mutations	http://docm.info/	resource
DODO: Dict of Dis Ontologies	https://github.com/Elysheba/DODO	resource
Dog Disease Trait Ont (DDTO)	https://pmc.ncbi.nlm.nih.gov/articles/PMC11701671/#SEC5	ontology
DOSE: DO Semant Enrich analysis	https://bioconductor.org/packages/release/bioc/html/DOSE.html	resource
DOSim	https://bmcbioinformatics.biomedcentral.com/articles/10.1186/1471-2105-12-266	resource
Drug Interact & Evid Ont (DIDEO)	http://www.ontobee.org/ontology/DIDEO	ontology
Drug Target Ontology (DTO)	https://bioportal.bioontology.org/ontologies/DTO	ontology
Drug-Combo-Generator	https://github.com/Shen-Lab/Drug-Combo-Generator	methodology
DrugCentral	http://drugcentral.org/	resource
DrugNet	http://genome.ugr.es:9000/drugnet	resource
e-TSN	http://www.lilab-ecust.cn/etsn/	resource
eagle-i resource ontology (ERO)	https://obofoundry.org/ontology/ero.html	ontology
ECGene: Endometr Cancer G Db	http://ecgene.bioinfo-minzhao.org/	resource
EDK: Editome Dis Kb	https://ngdc.cncb.ac.cn/edk/	resource
eGARD	https://journals.plos.org/plosone/article?id=10.1371/journal.pone.0189663	methodology
Egas	https://demo.bmd-software.com/egas/	resource
EHD dataset	https://huggingface.co/datasets/ericw955/EHD	resource
EHDChat	https://aclanthology.org/2024.sicon-1.10.pdf	methodology
emiRIT: extract miRNA Info Text	https://research.bioinformatics.udel.edu/emirit/	resource
EMMA	https://www.infrafrontier.eu/search?keyword=browse_human_diseases#	resource
eNanoMapper Ontology (ENM)	https://bioportal.bioontology.org/ontologies/ENM	ontology
ENCODE: Encyc of DNA Elements	https://www.encodeproject.org/	resource
EnrichDO	https://bioconductor.org/packages/release/bioc/html/EnrichDO.html	resource
EPOM: Epigen Overlap Measure	https://bmcgenomics.biomedcentral.com/articles/10.1186/s12864-015-2303-9	methodology
eRAM	http://www.unimd.org/eram/	resource
Exercise Med Ontology (EXMO)	https://github.com/Exercise-Medicine-Ontology/EXMO	ontology
Experimental Factor Ontology (EFO)	https://bioportal.bioontology.org/ontologies/EFO	ontology
EXPERT	https://github.com/HUST-NingKang-Lab/EXPERT	resource
EXTRACT	https://extract.jensenlab.org/	resource
FAIRsharing	https://fairsharing.org/	resource
FANTOM	http://fantom.gsc.riken.jp/	resource
FARNA	https://www.cbrc.kaust.edu.sa/farna/	resource
FHOntology	https://github.com/OHNLP/FHOntology	resource
FibroAtlas	http://biokb.ncpsb.org/fibroatlas/	resource
Flame	http://flame.pavlopouloslab.info/	resource
FlyBase	http://flybase.org/	resource
FooDis: Food-disease mining	https://github.com/gjorgjinac/foodis_pipeline	resource
FoodOn	https://foodon.org/	ontology
Fuzzy Ont Obesity Cancer (FOORC)	https://ijicis.journals.ekb.eg/article_19833.html	ontology
GCDSAEMDA	https://github.com/chenyunmolu/GCDSAEMDA	methodology
GeMI: Genom Meta Integration	https://github.com/armando2603/GeMI	resource
Gemma	https://gemma.msl.ubc.ca/home.html	resource
GEN: Gene Expression Nebulas	https://ngdc.cncb.ac.cn/gen/	resource
GenCoNet	https://genconet.kalis-amts.de/	resource
Gend, Sex & Sex Orien Ont (GSSO)	https://obofoundry.org/ontology/gsso.html	ontology
GeneCards	https://www.genecards.org/	resource
Genekitr	https://genekitr.org	resource
GenePlexus	https://www.geneplexus.net/index	resource
GeneSurrounder	https://bmcbioinformatics.biomedcentral.com/articles/10.1186/s12859-019-2829-y	methodology
GeneWeaver	https://geneweaver.org/	resource
GeneWiki+	https://jbiomedsem.biomedcentral.com/articles/10.1186/2041-1480-3-S1-S6	resource
GenIA	https://www.geniadb.net/app/home/	resource
GenomeConnect	https://genomeconnect.org/en/	resource
Genomic Epi Ont (GenEpiO)	https://obofoundry.org/ontology/genepio.html	ontology
GGCDA	https://pubmed.ncbi.nlm.nih.gov/35883487	methodology
GlutKNOIS: Gluten Interactions Db	https://sing-group.org/glutknois/	resource
Glycoconjugate Ont (GlycoCoO)	https://github.com/glycoinfo/GlycoCoO	ontology
Glyconnect	https://glyconnect.expasy.org/	resource
GlyCosmos Portal	https://glycosmos.org/	resource
Glycowork	https://bojarlab.github.io/glycowork/	resource
GlyGen	https://www.glygen.org/	resource
Google	https://support.google.com/websearch/answer/2364942?p=medical_conditions&hl=en&visit_id=637831615422879372-1017231193&rd=1#zippy=%2Cmedical-information-sources	resource
GSC: Genomic Stand Consortium	https://www.gensc.org/	resource
GSWHomoNet	https://www.doi.org/10.1016/j.compbiomed.2024.109252	methodology
GTO: Gene Therapy Omnibus	http://www.inbirg.com/gto/	resource
Guide to PHARMACOLOGY	https://www.guidetopharmacology.org/	resource
Guideline Provenance Ont (G-Prov)	https://tetherless-world.github.io/GProv/	ontology
GVViZ: Vis Genes with Dis Variants	https://github.com/drzeeshanahmed/GVViZ-Public	resource
GWAS Central	https://www.gwascentral.org/	resource
GWASdb	https://www.ncbi.nlm.nih.gov/labs/pmc/articles/PMC4702921/	resource
GXD: Mouse Gene Expression Db	http://www.informatics.jax.org/gxd	resource
Harmonizome-ML Appyter	https://appyters.maayanlab.cloud/#/harmonizome_ml	resource
Hartwig Medical Foundation	https://www.hartwigmedicalfoundation.nl/wp-content/uploads/2021/12/Platinum-7-12-21.png	industry
HDncRNA: Heart Dis ncRNA Db	https://github.com/TJWenjing/HDncRNA	resource
Hearing Impairment Ontology (HIO)	https://bioportal.bioontology.org/ontologies/HIO	ontology
Heart Failure Integrated Platform	http://heartfailure.medical-bigdata.com/	resource
HemI: Heatmap Illustrator	https://hemi.biocuckoo.org/	resource
HERB: Traditional Chinese Med Db	http://herb.ac.cn/v2	resource
Hetionet	https://het.io/	resource
HGPEC	http://apps.cytoscape.org/apps/hgpec	resource
HHEAR Ontology	https://hhearprogram.org/	ontology
HisgAtlas	http://biokb.ncpsb.org/HisgAtlas/	resource
HIT	https://github.com/tigerkey10/HIT	methodology
HITSZ_CDR	https://www.ncbi.nlm.nih.gov/pmc/articles/PMC4911788/	resource
HMDC: Human-Mouse Dis Connect	http://www.informatics.jax.org/humanDisease.shtml	resource
HMDD: Human MicroRNA Dis Db	https://www.cuilab.cn/hmdd	resource
hu.MAP: Hum Prot Complex Map	http://humap2.proteincomplexes.org/	resource
Hum Physiol Simul Ont (HuPSON)	https://bioportal.bioontology.org/ontologies/HUPSON	ontology
Human Phenotype Ontology (HP)	https://obofoundry.org/ontology/hp.html	ontology
HumanMetagenomeDB	https://webapp.ufz.de/hmgdb/	resource
Hypertension Ontology (HTN)	https://obofoundry.org/ontology/htn.html	ontology
iBKH	http://ibkh.ai/	resource
iCTNet2	http://apps.cytoscape.org/apps/ictnet2	resource
IDDAP	https://pubmed.ncbi.nlm.nih.gov/29433958/	methodology
IEDB: Immune Epitope Db	https://www.iedb.org/	resource
iLncDA-LTR	http://bliulab.net/iLncDA-LTR/	resource
iLncDA-RSN	https://www.doi.org/10.3389/fgene.2023.1249171	methodology
ImmPort	https://www.immport.org/shared/home	resource
IMPPAT	https://cb.imsc.res.in/imppat/	resource
InfAcrOnt	https://bmcgenomics.biomedcentral.com/articles/10.1186/s12864-017-4338-6	methodology
Infectious Disease Ontology (IDO)	https://obofoundry.org/ontology/ido.html	ontology
Influenza Ontology (FLU)	https://bioportal.bioontology.org/ontologies/FLU/?p=summary	ontology
Informed Consent Ontology (ICO)	https://obofoundry.org/ontology/ico.html	ontology
Integrated Interactions Db	http://iid.ophid.utoronto.ca/	resource
Integrative Multispecies Prediction	http://imp.princeton.edu/	resource
InterMine	https://intermine.org/	resource
IntNetLncSim	https://www.ncbi.nlm.nih.gov/pmc/articles/PMC5216984/	methodology
iPiDA-GCN	http://bliulab.net/iPiDA-GCN/	methodology
iPiDA-LTR	http://bliulab.net/iPiDA-LTR	methodology
iPiDA-SWGCN	http://bliulab.net/iPiDA-SWGCN/	methodology
iProX	https://www.iprox.cn/	resource
IRIDA: Integr Rapid Infect Dis Anal	https://www.irida.ca/	resource
Isabl Platform	https://www.isabl.info/	resource
iSG-PDA	https://doi.org/10.1016/j.asoc.2024.111523	methodology
IsoDA: Isoform-Dis Assoc predict	http://www.sdu-idea.cn/codes.php?name=IsoDA	resource
iTextMine	https://research.bioinformatics.udel.edu/itextmine/integrate	resource
JAX Clinical CKB	https://ckb.jax.org/	resource
JAX Synteny Browser	http://syntenybrowser.jax.org/	resource
KGETCDA	https://github.com/jinyangwu/KGETCDA	resource
KGEV: KGraph Explor and Visual	https://pubmed.ncbi.nlm.nih.gov/35655307	resource
Kids Brain Health Network	https://kidsbrainhealth.ca/	resource
KOBAS	http://kobas.cbi.pku.edu.cn/	resource
Lantern	https://github.com/VidhurDS/Lantern	resource
LDAGM	https://github.com/nofou/LDAGM	methodology
LEDAP	https://github.com/idrblab/LEDAP	methodology
Leipzig Health Atlas	https://www.health-atlas.de/	resource
LeMeDISCO	http://sites.gatech.edu/cssb/LeMeDISCO	resource
LeukmiR	http://tdb.ccmb.res.in/LeukmiR/http://tdb.ccmb.res.in/LeukmiR/	resource
LINCS	http://lincsportal.ccs.miami.edu/dcic-portal/	resource
Linked Open Data Cloud	https://lod-cloud.net/#about	resource
List2Net	https://list2net.cing-big.hpcf.cyi.ac.cy/	resource
Literome	https://pubmed.ncbi.nlm.nih.gov/24939151/	resource
LiverAtlas	https://liveratlas.org/	resource
LiverWiki	https://bmcbioinformatics.biomedcentral.com/articles/10.1186/s12859-017-1852-0	resource
Lnc2Meth	https://pubmed.ncbi.nlm.nih.gov/29069510/	resource
LncPCD	http://spare4.hospital.studio:9000/lncPCD/Home.jsp	resource
LncRNADisease	https://www.cuilab.cn/lncrnadisease	resource
LncTarD	https://lnctard.bio-database.com/	resource
LORD	http://enlord.bndmr.fr/#homepage	resource
LSD600	https://zenodo.org/records/13952449	resource
Lynx	http://lynx.ci.uchicago.edu/	resource
M2PP	https://www.ncbi.nlm.nih.gov/pmc/articles/PMC8728953	methodology
MAGCNSE	https://pubmed.ncbi.nlm.nih.gov/35590258	methodology
MalaCards	https://www.malacards.org/	resource
MarkerDB	https://markerdb.ca	resource
MedGraphNet	https://github.com/vinash85/MedGraphNet	methodology
MEDIC	https://www.ncbi.nlm.nih.gov/labs/pmc/articles/PMC3308155/	resource
MEDICASCY	https://pubmed.ncbi.nlm.nih.gov/32237745/	resource
MedKG	http://pitools.niper.ac.in/medkg/	resource
MEDSHARE	https://www.ncbi.nlm.nih.gov/pmc/articles/PMC8761525	methodology
MeFSAT	https://cb.imsc.res.in/mefsat/home	resource
MendelVar	https://mendelvar.mrcieu.ac.uk/	resource
Mental Disease Ontology (MFOMD)	https://obofoundry.org/ontology/mfomd.html	ontology
MER: Minimal Entity Recognizer	http://labs.fc.ul.pt/mer/	resource
Metabolomics Stand Init Ont (MSIO)	https://www.ebi.ac.uk/ols/ontologies/msio	ontology
metaCDA	https://github.com/biohnuster/metaCDA	methodology
MetaSRA	https://metasra.biostat.wisc.edu/?species=human&assay=RNA-seq	resource
MethBank	https://ngdc.cncb.ac.cn/methbank/	resource
MetSigDis: Metab Signat of Dis Db	https://pubmed.ncbi.nlm.nih.gov/28968812/	resource
MFF-nDA	https://github.com/Jack-Cxy/MFF-nDA	resource
MGI: Mouse Genome Informatics	https://www.informatics.jax.org/	resource
MicrO	https://obofoundry.org/ontology/micro.html	ontology
MicroPIE	https://bmcbioinformatics.biomedcentral.com/articles/10.1186/s12859-016-1396-8	methodology
miR2Disease	http://www.mir2disease.org/	resource
mirDIP	https://ophid.utoronto.ca/mirDIP	resource
miRTex	https://tools4mirs.org/software/other_tools/mirtex/	resource
Mondo Disease Ontology (MONDO)	https://obofoundry.org/ontology/mondo.html	ontology
MOPED	https://www.ncbi.nlm.nih.gov/pmc/articles/PMC3245040/	resource
MORPHIN	http://www.inetbio.org/morphin/	resource
MosaicBase	http://mosaicbase.com/	resource
Mouse Pathology Ont (MPATH)	https://obofoundry.org/ontology/mpath.html	ontology
MouseMine	http://www.mousemine.org/mousemine/keywordSearchResults.do?searchTerm=Parkinson&searchBag=&facet_Category=DOTerm	resource
MSMCDA	https://github.com/zhangxue2115/MSMCDA	methodology
mTCTScan	http://mulinlab.tmu.edu.cn/mtctscan	resource
MultiDS-MDA	https://pubmed.ncbi.nlm.nih.gov/37276756/	methodology
My Corporis Fabrica Embryo	https://pubmed.ncbi.nlm.nih.gov/26413258/	resource
Mycobacteriaceae Phenome Atlas	https://www.biosino.org/mpa/	resource
MyDisease.info	https://mydisease.info/	resource
MyGeneset.info	https://mygeneset.info	resource
Myocardial Infarction Ont (MIO)	http://www.sysbio.org.cn/MIKB/MIO/	ontology
NAFLDkb	https://www.biosino.org/nafldkb	resource
NCATS Inxight Drugs	https://drugs.ncats.io/	resource
NCBO Ontology Recommender	https://bioportal.bioontology.org/recommender	resource
ncRNAVar	http://www.liwzlab.cn/ncrnavar/	resource
NetMe	https://netme.click/	resource
Neural Electro Magnet Ont (NEMO)	https://bioportal.bioontology.org/ontologies/NEMO?p=summary	ontology
NIF Standardized Onts (NIFSTD)	https://github.com/SciCrunch/NIF-Ontology/tree/master	ontology
Non-Coding RNA Ontology (NCRO)	https://obofoundry.org/ontology/ncro.html	ontology
NutriChem	http://147.8.185.62/services/NutriChem-2.0/	resource
Obstet and Neonatal Ont (OntONeo)	https://obofoundry.org/ontology/ontoneo.html	ontology
OCDB: OCD Database	https://www.ncbi.nlm.nih.gov/pmc/articles/PMC4519680/	resource
OM-GGAT	https://www.techscience.com/cmc/v82n3/59933/html	methodology
OMIM	https://www.omim.org/	resource
OnASSIs	https://bioconductor.org/packages/release/bioc/html/Onassis.html	resource
Oncodomains	https://www.ncbi.nlm.nih.gov/pmc/articles/PMC5398485/	methodology
OncoKB	https://www.oncokb.org/	resource
OncoMX	https://www.oncomx.org/	resource
OncoPDSS	https://oncopdss.capitalbiobigdata.com/	resource
OneStopRNAseq	https://mccb.umassmed.edu/OneStopRNAseq/	resource
Ont Host-Microbiom Interact (OHMI)	https://obofoundry.org/ontology/ohmi.html	ontology
Ont of Drug Adverse Events (ODAE)	https://bioportal.bioontology.org/ontologies/ODAE	ontology
Ont of Host Pathogen Inter (OHPI)	https://obofoundry.org/ontology/ohpi.html	ontology
Ont of Precis Med & Investig (OPMI)	https://obofoundry.org/ontology/opmi.html	ontology
OnTheFly2.0	http://bib.fleming.gr:3838/OnTheFly/	resource
OntoCAT	https://wiki.gcc.rug.nl/wiki/OntocatStart	resource
Ontoclick	https://github.com/azankl/Ontoclick	resource
OntoGene	https://github.com/OntoGene	resource
Ontology Extension	https://github.com/bio-ontology-research-group/ontology-extension	resource
Ontology for Biobanking (OBIB)	https://obofoundry.org/ontology/obib.html	ontology
Ontology for Biomed Investig (OBI)	https://obofoundry.org/ontology/obi.html	ontology
Ontology for Gen Med Sci (OGMS)	https://obofoundry.org/ontology/ogms.html	ontology
Ontology for MIRNA Target (OMIT)	https://obofoundry.org/ontology/omit.html	ontology
Ontology of Adverse Events (OAE)	https://obofoundry.org/ontology/oae.html	ontology
OpenXGR	http://www.openxgr.com	resource
ORPheUS	https://www.ncbi.nlm.nih.gov/pmc/articles/PMC4525265/	methodology
OVA: Onto Variant Analysis Tool	http://dna2.leeds.ac.uk:8080/OVA/index.jsp	resource
Pancreatlas	https://www.pancreatlas.org/	resource
PathoPhenoDB	http://patho.phenomebrowser.net/#/	resource
PATRIC	https://www.patricbrc.org/	resource
pBRIT	http://143.169.238.105/pbrit/	resource
PDX-MI	https://www.pdxfinder.org/pdx-standard/	resource
PedAM	http://119.3.41.228/pedam/	resource
Pedican: Pediatric cancer gene Db	http://pedican.bioinfo-minzhao.org/	resource
Petagraph	https://github.com/TaylorResearchLab/Petagraph	resource
Pharmacorank	https://protein.som.geisinger.edu/Pharmacorank/	resource
PharMeBINet	https://pharmebi.net/	resource
Pharos	https://pharos.nih.gov/idg/index	resource
PhaSeDis	http://mlodis.phasep.pro/	resource
Phen2Gene	https://phen2gene.wglab.org/	resource
PhenCards	https://phencards.org	resource
Phenolyzer	http://phenolyzer.wglab.org/	resource
Phenomebrowser	http://phenomebrowser.net/	resource
PhenoMiner	https://rgd.mcw.edu/rgdweb/phenominer/selectTerms.html?ont=MMO	resource
Phevor2	http://www.yandell-lab.org/software/phevor.html	resource
PK-DB: Pharmacokinetics Db	https://pk-db.com/	resource
PlasmiR	https://dianalab.e-ce.uth.gr/plasmir/#/	resource
PLSDB: Plasmid Db	https://www.ccb.uni-saarland.de/plsdb	resource
POEAS	https://www.ncbi.nlm.nih.gov/pmc/articles/PMC4274039/	resource
Populous	http://www.e-lico.eu/populous.html	resource
PORI	https://bcgsc.github.io/pori/	resource
PosMed: Positional MEDLINE	https://pubmed.ncbi.nlm.nih.gov/23761449	resource
PPDAMEGCN	https://github.com/27167199/PPDAMEGCN	methodology
Pre-Eclampsia Ontology (PE-O)	https://bioportal.bioontology.org/ontologies/PE-O	ontology
preon	https://github.com/ermshaua/preon/	resource
PreOptique	https://www.ncbi.nlm.nih.gov/pmc/articles/PMC6398264/	methodology
PRISM	https://ascopubs.org/doi/10.1200/CCI.20.00001?url_ver=Z39.88-2003&rfr_id=ori%3Arid%3Acrossref.org&rfr_dat=cr_pub++0pubmed&	methodology
Protein Ontology (PRO)	https://obofoundry.org/ontology/pr.html	ontology
PSINDB: Postsynaptic Inter Db	https://psindb.itk.ppke.hu/	resource
Public Health Doc Ont (OntoPH)	https://pubmed.ncbi.nlm.nih.gov/29021130/	ontology
PUTransGCN	https://github.com/chenqiuhao/PUTransGCN	resource
Quant Histopath Image Ont (QHIO)	https://www.ncbi.nlm.nih.gov/pmc/articles/PMC5316345/	ontology
Quant Imag Biomarker Ont (QIBO)	https://pubmed.ncbi.nlm.nih.gov/23589184/	ontology
QueryOR	https://queryor.cribi.unipd.it/cgi-bin/queryor/mainpage.pl	resource
Quest Diagnostics	https://www.questdiagnostics.com/home.html	resource
R-loopBase	https://www.ncbi.nlm.nih.gov/pmc/articles/PMC8728142	resource
Radiology Gamuts Ontology (RGO)	http://www.gamuts.net/	ontology
RareDis	https://github.com/isegura/NLP4RARE-CM-UC3M	resource
Reactome	https://reactome.org/	resource
REGene	http://regene.bioinfo-minzhao.org/	resource
ResMarkerDB	http://www.resmarkerdb.org/	resource
RGCNCDA	https://www.doi.org/10.1016/j.compbiomed.2022.105322	methodology
RGD: Rat Genome Db	https://rgd.mcw.edu/rgdweb/portal/index.jsp	resource
RIscoper	http://www.rnainter.org/riscoper	resource
RMDGCN	https://github.com/lianliu09/RMDGCN	methodology
RNA2Immune	https://www.bio-bigdata.com/rna2immune/home.jsp	resource
RNADisease	http://www.rnadisease.org/	resource
ROBOT	http://robot.obolibrary.org/	resource
scMoresDB	http://www.liwzlab.cn/scmoresdb/	resource
sem1R	https://github.com/fmalinka/sem1r	resource
SGD: Saccharomyces Genome Db	https://www.yeastgenome.org/	resource
Sickle Cell Disease Ont (SCDO)	https://bioportal.bioontology.org/ontologies/SCDO	ontology
signatureSearch	https://bioconductor.org/packages/release/bioc/html/signatureSearch.html	resource
simona	https://bioconductor.org/packages/simona/	resource
SPOKE	https://spoke.rbvi.ucsf.edu/	resource
SugarbindDB	https://sugarbind.expasy.org/	resource
SurvExpress	https://www.ncbi.nlm.nih.gov/pmc/articles/PMC3774754/	resource
SurvMicro	https://academic.oup.com/bioinformatics/article/30/11/1630/284047	resource
SVMDO	https://doi.org/10.18129/B9.bioc.SVMDO	methodology
SympGAN	http://www.sympgan.org/	resource
tagger (tagcorpus)	https://github.com/larsjuhljensen/tagger	resource
Target Central Resource Db	http://juniper.health.unm.edu/tcrd/	resource
TargetMine	http://targetmine.mizuguchilab.org/	resource
TarKG	https://tarkg.ddtmlab.org/	resource
TCIA: The Cancer Imaging Archive	https://www.cancerimagingarchive.net/	resource
TCMBank: Trad Chinese Med Bank	https://TCMBank.CN/	resource
TIN-X	https://www.newdrugtargets.org/	resource
TissueNexus	https://www.diseaselinks.com/TissueNexus/	resource
ToxDAR	https://github.com/TMCjp/ToxDAR	resource
TOXic Process Ontology (TXPO)	https://obofoundry.org/ontology/txpo.html	ontology
TOXPILOT	https://toxpilot.nibiohn.go.jp/	resource
Translational Med Ontology (TMO)	https://bioportal.bioontology.org/ontologies/TMO	ontology
TRRUST	http://www.grnpedia.org/trrust/	resource
TSGene	https://bioinfo.uth.edu/TSGene/	resource
UBKG	https://github.com/x-atlas-consortia/ubkg-etl	resource
UFO	https://github.com/hauldhut/ufo	resource
UniCarbKB	https://pubmed.ncbi.nlm.nih.gov/26940363/	resource
UPHO: Urban Pop Health Observ	https://pubmed.ncbi.nlm.nih.gov/35857363	methodology
Vaccine Informed Cons Ont (VICO)	http://www.ontobee.org/ontology/VICO	ontology
Vaccine Ontology (VO)	https://obofoundry.org/ontology/vo.html	ontology
VarGuideAtlas	https://genomics-hub.pros.dsic.upv.es:3016/	resource
VectorBase	https://www.vectorbase.org/	resource
VEuPathDB Ontology (eupath)	https://obofoundry.org/ontology/eupath.html	ontology
VICC	https://search.cancervariants.org/#*	resource
VIPR: Virus Pathogen Resource	https://www.viprbrc.org/brc/home.spg?decorator=vipr	resource
Viruses.STRING	http://viruses.string-db.org/	resource
VRNetzer	https://github.com/menchelab/VRNetzer	methodology
Wikidata	https://www.wikidata.org/	resource
Wikipathways	https://www.wikipathways.org/index.php/WikiPathways	resource
WormBase	https://wormbase.org/	resource
Xenbase	http://www.xenbase.org/	resource
XGR: eXploring Genomic Relations	http://xgr.r-forge.r-project.org/	resource
YMLA: Yeast Multiple List Analyzer	https://cosbi7.ee.ncku.edu.tw/YMLA/	resource
ZFIN	https://zfin.org/	resource