DOID:0050425	restless legs syndrome	OMIM:PS102300	Restless legs syndrome	false	
DOID:0050425	restless legs syndrome	OMIM:PS102300	Restless legs syndrome	true	
DOID:0050431	arrhythmogenic right ventricular cardiomyopathy	OMIM:PS107970	Arrhythmogenic right ventricular dysplasia	false	
DOID:0050431	arrhythmogenic right ventricular cardiomyopathy	OMIM:PS107970	Arrhythmogenic right ventricular dysplasia	true	
DOID:0050439	Usher syndrome	OMIM:PS276900	Usher syndrome	false	
DOID:0050439	Usher syndrome	OMIM:PS276900	Usher syndrome	true	
DOID:0050440	familial partial lipodystrophy	OMIM:PS151660	Lipodystrophy, familial partial	false	
DOID:0050440	familial partial lipodystrophy	OMIM:PS151660	Lipodystrophy, familial partial	true	
DOID:0050445	X-linked hypophosphatemia	OMIM:PS193100	Hypophosphatemic rickets	false	
DOID:0050445	X-linked hypophosphatemia	OMIM:PS193100	Hypophosphatemic rickets	true	
DOID:0050448	hereditary mucosal leukokeratosis	OMIM:PS193900	White sponge nevus	false	
DOID:0050448	hereditary mucosal leukokeratosis	OMIM:PS193900	White sponge nevus	true	
DOID:0050449	pachyonychia congenita	OMIM:PS167200	Pachyonychia congenita	false	
DOID:0050449	pachyonychia congenita	OMIM:PS167200	Pachyonychia congenita	true	
DOID:0050451	Brugada syndrome	OMIM:PS601144	Brugada syndrome	false	
DOID:0050451	Brugada syndrome	OMIM:PS601144	Brugada syndrome	true	
DOID:0050453	lissencephaly	OMIM:PS607432	Lissencephaly	false	
DOID:0050453	lissencephaly	OMIM:PS607432	Lissencephaly	true	
DOID:0050466	Loeys-Dietz syndrome	OMIM:PS609192	Loeys-Dietz syndrome	false	
DOID:0050466	Loeys-Dietz syndrome	OMIM:PS609192	Loeys-Dietz syndrome	true	
DOID:0050475	Weill-Marchesani syndrome	OMIM:PS277600	Weill-Marchesani syndrome	false	
DOID:0050475	Weill-Marchesani syndrome	OMIM:PS277600	Weill-Marchesani syndrome	true	
DOID:0050489	multinodular goiter	OMIM:PS138800	Goiter, multinodular	false	
DOID:0050489	multinodular goiter	OMIM:PS138800	Goiter, multinodular	true	
DOID:0050534	congenital stationary night blindness	OMIM:PS310500	Night blindness, congenital stationary	false	
DOID:0050534	congenital stationary night blindness	OMIM:PS310500	Night blindness, congenital stationary	true	
DOID:0050535	exudative vitreoretinopathy	OMIM:PS133780	Exudative vitreoretinopathy	false	
DOID:0050535	exudative vitreoretinopathy	OMIM:PS133780	Exudative vitreoretinopathy	true	
DOID:0050545	visceral heterotaxy	OMIM:PS306955	Heterotaxy, visceral	false	
DOID:0050545	visceral heterotaxy	OMIM:PS306955	Heterotaxy, visceral	true	
DOID:0050548	hereditary sensory neuropathy	OMIM:PS162400	Hereditary sensory and autonomic neuropathy	false	
DOID:0050548	hereditary sensory neuropathy	OMIM:PS162400	Hereditary sensory and autonomic neuropathy	true	
DOID:0050564	autosomal dominant nonsyndromic deafness	OMIM:PS124900	Deafness, autosomal dominant	false	
DOID:0050564	autosomal dominant nonsyndromic deafness	OMIM:PS124900	Deafness, autosomal dominant	true	
DOID:0050565	autosomal recessive nonsyndromic deafness	OMIM:PS220290	Deafness, autosomal recessive	false	
DOID:0050565	autosomal recessive nonsyndromic deafness	OMIM:PS220290	Deafness, autosomal recessive	true	
DOID:0050566	X-linked nonsyndromic deafness	OMIM:PS304500	Deafness, X-linked	false	
DOID:0050566	X-linked nonsyndromic deafness	OMIM:PS304500	Deafness, X-linked	true	
DOID:0050567	orofacial cleft	OMIM:PS119530	Orofacial cleft	false	
DOID:0050567	orofacial cleft	OMIM:PS119530	Orofacial cleft	true	
DOID:0050568	spondylocostal dysostosis	OMIM:PS277300	Spondylocostal dysostosis	false	
DOID:0050568	spondylocostal dysostosis	OMIM:PS277300	Spondylocostal dysostosis	true	
DOID:0050569	Seckel syndrome	OMIM:PS210600	Seckel syndrome	false	
DOID:0050569	Seckel syndrome	OMIM:PS210600	Seckel syndrome	true	
DOID:0050570	congenital disorder of glycosylation type I	OMIM:PS212065	Congenital disorders of glycosylation, type I	true	
DOID:0050571	congenital disorder of glycosylation type II	OMIM:PS212066	Congenital disorders of glycosylation, type II	true	
DOID:0050577	Sensenbrenner syndrome	OMIM:PS218330	Cranioectodermal dysplasia	false	
DOID:0050577	Sensenbrenner syndrome	OMIM:PS218330	Cranioectodermal dysplasia	true	
DOID:0050580	hereditary lymphedema	OMIM:PS153100	Lymphedema, Hereditary	false	
DOID:0050580	hereditary lymphedema	OMIM:PS153100	Lymphedema, Hereditary	true	
DOID:0050585	congenital generalized lipodystrophy	OMIM:PS608594	Lipodystrophy, congenital generalized	false	
DOID:0050585	congenital generalized lipodystrophy	OMIM:PS608594	Lipodystrophy, congenital generalized	true	
DOID:0050589	inflammatory bowel disease	OMIM:PS266600	Inflammatory bowel disease	false	
DOID:0050589	inflammatory bowel disease	OMIM:PS266600	Inflammatory bowel disease	true	
DOID:0050590	severe congenital neutropenia	OMIM:PS202700	Neutropenia, severe congenital	false	
DOID:0050590	severe congenital neutropenia	OMIM:PS202700	Neutropenia, severe congenital	true	
DOID:0050591	tooth agenesis	OMIM:PS106600	Tooth agenesis, selective	false	
DOID:0050591	tooth agenesis	OMIM:PS106600	Tooth agenesis, selective	true	
DOID:0050628	advanced sleep phase syndrome	OMIM:PS604348	Advanced sleep phase syndrome	false	
DOID:0050628	advanced sleep phase syndrome	OMIM:PS604348	Advanced sleep phase syndrome	true	
DOID:0050629	Aicardi-Goutieres syndrome	OMIM:PS225750	Aicardi-Goutieres syndrome	false	
DOID:0050629	Aicardi-Goutieres syndrome	OMIM:PS225750	Aicardi-Goutieres syndrome	true	
DOID:0050632	oculocutaneous albinism	OMIM:PS203100	Oculocutaneous albinism	false	
DOID:0050632	oculocutaneous albinism	OMIM:PS203100	Oculocutaneous albinism	true	
DOID:0050635	alternating hemiplegia of childhood	OMIM:PS104290	Alternating hemiplegia of childhood	false	
DOID:0050635	alternating hemiplegia of childhood	OMIM:PS104290	Alternating hemiplegia of childhood	true	
DOID:0050639	primary cutaneous amyloidosis	OMIM:PS105250	Amyloidosis, primary localized cutaneous	false	
DOID:0050644	arterial calcification of infancy	OMIM:PS208000	Generalized arterial calcification of infancy	false	
DOID:0050644	arterial calcification of infancy	OMIM:PS208000	Generalized arterial calcification of infancy	true	
DOID:0050648	atelosteogenesis	OMIM:PS108720	Atelosteogenesis	false	
DOID:0050648	atelosteogenesis	OMIM:PS108720	Atelosteogenesis	true	
DOID:0050650	familial atrial fibrillation	OMIM:PS608583	Atrial fibrillation, familial	false	
DOID:0050650	familial atrial fibrillation	OMIM:PS608583	Atrial fibrillation, familial	true	
DOID:0050651	atrioventricular septal defect	OMIM:PS606215	Atrioventricular septal defect	false	
DOID:0050651	atrioventricular septal defect	OMIM:PS606215	Atrioventricular septal defect	true	
DOID:0050661	vitelliform macular dystrophy	OMIM:PS153840	Macular dystrophy, vitelliform	false	
DOID:0050661	vitelliform macular dystrophy	OMIM:PS153840	Macular dystrophy, vitelliform	true	
DOID:0050674	congenital bile acid synthesis defect	OMIM:PS607765	Bile acid synthesis defect, congenital	false	
DOID:0050674	congenital bile acid synthesis defect	OMIM:PS607765	Bile acid synthesis defect, congenital	true	
DOID:0050694	Brown-Vialetto-Van Laere syndrome	OMIM:PS211530	Brown-Vialetto-Van Laere syndrome	false	
DOID:0050694	Brown-Vialetto-Van Laere syndrome	OMIM:PS211530	Brown-Vialetto-Van Laere syndrome	true	
DOID:0050709	Ohtahara syndrome	OMIM:PS308350	Epileptic encephalopathy, early infantile	false	
DOID:0050709	Ohtahara syndrome	OMIM:PS308350	Epileptic encephalopathy, early infantile	true	
DOID:0050730	coenzyme Q10 deficiency disease	OMIM:PS607426	Coenzyme Q10 deficiency, primary	false	
DOID:0050730	coenzyme Q10 deficiency disease	OMIM:PS607426	Coenzyme Q10 deficiency, primary	true	
DOID:0050763	ARC syndrome	OMIM:PS208085	Arthrogryposis, renal dysfunction, and cholestasis	false	
DOID:0050763	ARC syndrome	OMIM:PS208085	Arthrogryposis, renal dysfunction, and cholestasis	true	
DOID:0050773	paraganglioma	OMIM:PS168000	Paragangliomas	true	
DOID:0050776	non-specific X-linked mental retardation	OMIM:PS309530	Mental retardation, nonsyndromic, X-linked	false	
DOID:0050776	non-specific X-linked mental retardation	OMIM:PS309530	Mental retardation, nonsyndromic, X-linked	true	
DOID:0050777	Joubert syndrome	OMIM:PS213300	Joubert syndrome	false	
DOID:0050777	Joubert syndrome	OMIM:PS213300	Joubert syndrome	true	
DOID:0050778	Meckel syndrome	OMIM:PS249000	Meckel syndrome	false	
DOID:0050778	Meckel syndrome	OMIM:PS249000	Meckel syndrome	true	
DOID:0050779	hydrolethalus syndrome	OMIM:PS236680	Hydrolethalus syndrome	false	
DOID:0050779	hydrolethalus syndrome	OMIM:PS236680	Hydrolethalus syndrome	true	
DOID:0050794	multiple synostoses syndrome	OMIM:PS186500	Multiple synostoses syndrome	false	
DOID:0050794	multiple synostoses syndrome	OMIM:PS186500	Multiple synostoses syndrome	true	
DOID:0050798	cerebral creatine deficiency syndrome	OMIM:PS300352	Cerebral creatine deficiency syndrome	false	
DOID:0050798	cerebral creatine deficiency syndrome	OMIM:PS300352	Cerebral creatine deficiency syndrome	true	
DOID:0050816	urofacial syndrome	OMIM:PS236730	Urofacial syndrome	false	
DOID:0050816	urofacial syndrome	OMIM:PS236730	Urofacial syndrome	true	
DOID:0050835	generalized dystonia	OMIM:PS128100	Dystonia	false	
DOID:0050835	generalized dystonia	OMIM:PS128100	Dystonia	true	
DOID:0050857	Perrault syndrome	OMIM:PS233400	Perrault syndrome	false	
DOID:0050857	Perrault syndrome	OMIM:PS233400	Perrault syndrome	true	
DOID:0050877	pancreatic agenesis	OMIM:PS260370	Pancreatic agenesis	false	
DOID:0050877	pancreatic agenesis	OMIM:PS260370	Pancreatic agenesis	true	
DOID:0060062	familial juvenile hyperuricemic nephropathy	OMIM:PS162000	Hyperuricemic nephropathy, familial juvenile	false	
DOID:0060062	familial juvenile hyperuricemic nephropathy	OMIM:PS162000	Hyperuricemic nephropathy, familial juvenile	true	
DOID:0060169	benign familial infantile epilepsy	OMIM:PS601764	Seizures, benign familial infantile	false	
DOID:0060169	benign familial infantile epilepsy	OMIM:PS601764	Seizures, benign familial infantile	true	
DOID:0060170	generalized epilepsy with febrile seizures plus	OMIM:PS604233	Epilepsy, generalized, with febrile seizures plus	false	
DOID:0060170	generalized epilepsy with febrile seizures plus	OMIM:PS604233	Epilepsy, generalized, with febrile seizures plus	true	
DOID:0060213	FTDALS1	OMIM:PS105550	Frontotemporal dementia and/or Amyotrophic Lateral Sclerosis	false	
DOID:0060213	FTDALS1	OMIM:PS105550	Frontotemporal dementia and/or Amyotrophic Lateral Sclerosis	true	
DOID:0060224	atrial fibrillation	OMIM:PS608583	Atrial fibrillation, familial	false	
DOID:0060225	3MC syndrome	OMIM:PS257920	3MC syndrome	false	
DOID:0060225	3MC syndrome	OMIM:PS257920	3MC syndrome	true	
DOID:0060227	Adams-Oliver syndrome	OMIM:PS100300	Adams-Oliver syndrome	false	
DOID:0060227	Adams-Oliver syndrome	OMIM:PS100300	Adams-Oliver syndrome	true	
DOID:0060228	intracranial berry aneurysm	OMIM:PS105800	Aneurysm, intracranial berry	false	
DOID:0060228	intracranial berry aneurysm	OMIM:PS105800	Aneurysm, intracranial berry	true	
DOID:0060229	Baraitser-Winter syndrome	OMIM:PS243310	Baraitser-Winter syndrome	false	
DOID:0060229	Baraitser-Winter syndrome	OMIM:PS243310	Baraitser-Winter syndrome	true	
DOID:0060230	basal ganglia calcification	OMIM:PS213600	Basal ganglia calcification, idiopathic	false	
DOID:0060230	basal ganglia calcification	OMIM:PS213600	Basal ganglia calcification, idiopathic	true	
DOID:0060233	cardiofaciocutaneous syndrome	OMIM:PS115150	Cardiofaciocutaneous syndrome	false	
DOID:0060233	cardiofaciocutaneous syndrome	OMIM:PS115150	Cardiofaciocutaneous syndrome	true	
DOID:0060234	Carpenter syndrome	OMIM:PS201000	Carpenter syndrome	false	
DOID:0060234	Carpenter syndrome	OMIM:PS201000	Carpenter syndrome	true	
DOID:0060237	Warburg micro syndrome	OMIM:PS600118	Warburg micro syndrome	false	
DOID:0060237	Warburg micro syndrome	OMIM:PS600118	Warburg micro syndrome	true	
DOID:0060238	Van Maldergem syndrome	OMIM:PS601390	Van Maldergem syndrome	false	
DOID:0060238	Van Maldergem syndrome	OMIM:PS601390	Van Maldergem syndrome	true	
DOID:0060240	UV-sensitive syndrome	OMIM:PS600630	UV-sensitive syndrome	false	
DOID:0060240	UV-sensitive syndrome	OMIM:PS600630	UV-sensitive syndrome	true	
DOID:0060241	3-M syndrome	OMIM:PS273750	Three M syndrome	false	
DOID:0060241	3-M syndrome	OMIM:PS273750	Three M syndrome	true	
DOID:0060243	stuttering	OMIM:PS184450	Stuttering, familial persistent	false	
DOID:0060243	stuttering	OMIM:PS184450	Stuttering, familial persistent	true	
DOID:0060244	specific language impairment	OMIM:PS606711	Specific language impairment	false	
DOID:0060244	specific language impairment	OMIM:PS606711	Specific language impairment	true	
DOID:0060251	sclerosteosis	OMIM:PS269500	Sclerosteosis	false	
DOID:0060251	sclerosteosis	OMIM:PS269500	Sclerosteosis	true	
DOID:0060259	renal-hepatic-pancreatic dysplasia	OMIM:PS208540	Renal-hepatic-pancreatic dysplasia	false	
DOID:0060259	renal-hepatic-pancreatic dysplasia	OMIM:PS208540	Renal-hepatic-pancreatic dysplasia	true	
DOID:0060262	gallbladder disease	OMIM:PS600803	Gallbladder disease	false	
DOID:0060262	gallbladder disease	OMIM:PS600803	Gallbladder disease	true	
DOID:0060263	porencephaly	OMIM:PS175780	Porencephaly	false	
DOID:0060263	porencephaly	OMIM:PS175780	Porencephaly	true	
DOID:0060264	pontocerebellar hypoplasia	OMIM:PS607596	Pontocerebellar hypoplasia	false	
DOID:0060264	pontocerebellar hypoplasia	OMIM:PS607596	Pontocerebellar hypoplasia	true	
DOID:0060281	photosensitive epilepsy	OMIM:PS132100	Photoparoxysmal response	false	
DOID:0060281	photosensitive epilepsy	OMIM:PS132100	Photoparoxysmal response	true	
DOID:0060282	persistent hyperplastic primary vitreous	OMIM:PS221900	Persistent hyperplastic primary vitreous	false	
DOID:0060282	persistent hyperplastic primary vitreous	OMIM:PS221900	Persistent hyperplastic primary vitreous	true	
DOID:0060284	paroxysmal nocturnal hemoglobinuria	OMIM:PS300818	Paroxysmal nocturnal hemoglobinuria	false	
DOID:0060284	paroxysmal nocturnal hemoglobinuria	OMIM:PS300818	Paroxysmal nocturnal hemoglobinuria	true	
DOID:0060286	combined oxidative phosphorylation deficiency	OMIM:PS609060	Combined oxidative phosphorylation deficiency	false	
DOID:0060286	combined oxidative phosphorylation deficiency	OMIM:PS609060	Combined oxidative phosphorylation deficiency	true	
DOID:0060294	cold-induced sweating syndrome	OMIM:PS272430	Cold-induced sweating syndrome	false	
DOID:0060294	cold-induced sweating syndrome	OMIM:PS272430	Cold-induced sweating syndrome	true	
DOID:0080043	achondrogenesis	OMIM:PS200600	Achondrogenesis	false	
DOID:0080043	achondrogenesis	OMIM:PS200600	Achondrogenesis	true	
DOID:0080046	Stickler syndrome	OMIM:PS108300	Stickler syndrome	false	
DOID:0080046	Stickler syndrome	OMIM:PS108300	Stickler syndrome	true	
DOID:10126	keratoconus	OMIM:PS148300	Keratoconus	false	
DOID:10126	keratoconus	OMIM:PS148300	Keratoconus	true	
DOID:10426	Klippel-Feil syndrome	OMIM:PS118100	Klippel-Feil syndrome	false	
DOID:10426	Klippel-Feil syndrome	OMIM:PS118100	Klippel-Feil syndrome	true	
DOID:10487	Hirschsprung's disease	OMIM:PS142623	Hirschsprung disease	false	
DOID:10487	Hirschsprung's disease	OMIM:PS142623	Hirschsprung disease	true	
DOID:10584	retinitis pigmentosa	OMIM:PS268000	Retinitis pigmentosa	false	
DOID:10584	retinitis pigmentosa	OMIM:PS268000	Retinitis pigmentosa	true	
DOID:10591	pre-eclampsia	OMIM:PS189800	Preeclampsia/eclampsia	false	
DOID:10591	pre-eclampsia	OMIM:PS189800	Preeclampsia/eclampsia	true	
DOID:10595	Charcot-Marie-Tooth disease	OMIM:PS118220	Charcot-Marie-Tooth disease	false	
DOID:10595	Charcot-Marie-Tooth disease	OMIM:PS118220	Charcot-Marie-Tooth disease	true	
DOID:10608	celiac disease	OMIM:PS212750	Celiac disease	false	
DOID:10608	celiac disease	OMIM:PS212750	Celiac disease	true	
DOID:10629	microphthalmia	OMIM:PS600165	Nanophthalmos	false	
DOID:10629	microphthalmia	OMIM:PS600165	Nanophthalmos	true	
DOID:10780	primary polycythemia	OMIM:PS133100	Erythrocytosis, familial	false	
DOID:10780	primary polycythemia	OMIM:PS133100	Erythrocytosis, familial	true	
DOID:10871	age related macular degeneration	OMIM:PS603075	Macular degeneration, age-related	false	
DOID:10871	age related macular degeneration	OMIM:PS603075	Macular degeneration, age-related	true	
DOID:10892	hypospadias	OMIM:PS300633	Hypospadias	false	
DOID:10892	hypospadias	OMIM:PS300633	Hypospadias	true	
DOID:10970	spastic quadriplegia	OMIM:PS603513	Spastic quadriplegic cerebral palsy	false	
DOID:10970	spastic quadriplegia	OMIM:PS603513	Spastic quadriplegic cerebral palsy	true	
DOID:11554	Chandler syndrome	OMIM:PS121700	Corneal endothelial dystrophy	false	
DOID:11554	Chandler syndrome	OMIM:PS121700	Corneal endothelial dystrophy	true	
DOID:11720	distal muscular dystrophy	OMIM:PS254130	Miyoshi muscular dystrophy	false	
DOID:11720	distal muscular dystrophy	OMIM:PS254130	Miyoshi muscular dystrophy	true	
DOID:11725	Cornelia de Lange syndrome	OMIM:PS122470	Cornelia de Lange syndrome	false	
DOID:11725	Cornelia de Lange syndrome	OMIM:PS122470	Cornelia de Lange syndrome	true	
DOID:11726	Emery-Dreifuss muscular dystrophy	OMIM:PS310300	Emery-Dreifuss muscular dystrophy	false	
DOID:11726	Emery-Dreifuss muscular dystrophy	OMIM:PS310300	Emery-Dreifuss muscular dystrophy	true	
DOID:11830	myopia	OMIM:PS160700	Myopia	false	
DOID:11830	myopia	OMIM:PS160700	Myopia	true	
DOID:1184	nephrotic syndrome	OMIM:PS256300	Nephrotic syndrome	false	
DOID:1184	nephrotic syndrome	OMIM:PS256300	Nephrotic syndrome	true	
DOID:11984	hypertrophic cardiomyopathy	OMIM:PS192600	Cardiomyopathy, familial hypertrophic	false	
DOID:11984	hypertrophic cardiomyopathy	OMIM:PS192600	Cardiomyopathy, familial hypertrophic	true	
DOID:12177	common variable immunodeficiency	OMIM:PS607594	Immunodeficiency, common variable	false	
DOID:12177	common variable immunodeficiency	OMIM:PS607594	Immunodeficiency, common variable	true	
DOID:12185	otosclerosis	OMIM:PS166800	Otosclerosis	false	
DOID:12185	otosclerosis	OMIM:PS166800	Otosclerosis	true	
DOID:12236	primary biliary cirrhosis	OMIM:PS109720	Biliary cirrhosis, primary	false	
DOID:12236	primary biliary cirrhosis	OMIM:PS109720	Biliary cirrhosis, primary	true	
DOID:12347	osteogenesis imperfecta	OMIM:PS166200	Osteogenesis imperfecta	false	
DOID:12347	osteogenesis imperfecta	OMIM:PS166200	Osteogenesis imperfecta	true	
DOID:12554	hemolytic-uremic syndrome	OMIM:PS235400	Hemolytic uremic syndrome	false	
DOID:12554	hemolytic-uremic syndrome	OMIM:PS235400	Hemolytic uremic syndrome	true	
DOID:12557	Duane retraction syndrome	OMIM:PS126800	Duane retraction syndrome	false	
DOID:12557	Duane retraction syndrome	OMIM:PS126800	Duane retraction syndrome	true	
DOID:1270	hereditary hemorrhagic telangiectasia	OMIM:PS187300	Telangiectasia, hereditary hemorrhagic	false	
DOID:1270	hereditary hemorrhagic telangiectasia	OMIM:PS187300	Telangiectasia, hereditary hemorrhagic	true	
DOID:12712	nephronophthisis	OMIM:PS256100	Nephronophthisis	false	
DOID:12712	nephronophthisis	OMIM:PS256100	Nephronophthisis	true	
DOID:12721	multiple epiphyseal dysplasia	OMIM:PS132400	Epiphyseal dysplasia, multiple	false	
DOID:12721	multiple epiphyseal dysplasia	OMIM:PS132400	Epiphyseal dysplasia, multiple	true	
DOID:12930	dilated cardiomyopathy	OMIM:PS115200	Dilated cardiomyopathy	false	
DOID:12930	dilated cardiomyopathy	OMIM:PS115200	Dilated cardiomyopathy	true	
DOID:13099	Moyamoya disease	OMIM:PS252350	Moyamoya disease	false	
DOID:13099	Moyamoya disease	OMIM:PS252350	Moyamoya disease	true	
DOID:1312	focal segmental glomerulosclerosis	OMIM:PS603278	Focal segmental glomerulosclerosis	false	
DOID:1312	focal segmental glomerulosclerosis	OMIM:PS603278	Focal segmental glomerulosclerosis	true	
DOID:1338	congenital dyserythropoietic anemia	OMIM:PS224120	Anemia, congenital dyserythropoietic	false	
DOID:1338	congenital dyserythropoietic anemia	OMIM:PS224120	Anemia, congenital dyserythropoietic	true	
DOID:1339	Diamond-Blackfan anemia	OMIM:PS105650	Diamond-Blackfan anemia	false	
DOID:1339	Diamond-Blackfan anemia	OMIM:PS105650	Diamond-Blackfan anemia	true	
DOID:13636	Fanconi's anemia	OMIM:PS227650	Fanconi anemia	false	
DOID:13636	Fanconi's anemia	OMIM:PS227650	Fanconi anemia	true	
DOID:13884	sick sinus syndrome	OMIM:PS608567	Sick sinus syndrome	false	
DOID:13884	sick sinus syndrome	OMIM:PS608567	Sick sinus syndrome	true	
DOID:14004	thoracic aortic aneurysm	OMIM:PS607086	Aortic aneurysm, familial thoracic	false	
DOID:14221	metabolic syndrome X	OMIM:PS605552	Abdominal obesity-metabolic syndrome	false	
DOID:14221	metabolic syndrome X	OMIM:PS605552	Abdominal obesity-metabolic syndrome	true	
DOID:14227	azoospermia	OMIM:PS258150	Spermatogenic failure	false	
DOID:14227	azoospermia	OMIM:PS258150	Spermatogenic failure	true	
DOID:14264	benign neonatal seizures	OMIM:PS121200	Seizures, benign familial neonatal	false	
DOID:14264	benign neonatal seizures	OMIM:PS121200	Seizures, benign familial neonatal	true	
DOID:14291	LEOPARD syndrome	OMIM:PS151100	LEOPARD syndrome	false	
DOID:14291	LEOPARD syndrome	OMIM:PS151100	LEOPARD syndrome	true	
DOID:14330	Parkinson's disease	OMIM:PS168600	Parkinson disease	false	
DOID:14330	Parkinson's disease	OMIM:PS168600	Parkinson disease	true	
DOID:1441	spinocerebellar ataxia	OMIM:PS164400	Spinocerebellar ataxia	false	
DOID:1441	spinocerebellar ataxia	OMIM:PS164400	Spinocerebellar ataxia	true	
DOID:14448	46 XY gonadal dysgenesis	OMIM:PS400044	46,XY sex reversal	false	
DOID:14448	46 XY gonadal dysgenesis	OMIM:PS400044	46,XY sex reversal	true	
DOID:14557	primary pulmonary hypertension	OMIM:PS178600	Pulmonary hypertension, primary	false	
DOID:14557	primary pulmonary hypertension	OMIM:PS178600	Pulmonary hypertension, primary	true	
DOID:14669	acrodysostosis	OMIM:PS101800	Acrodysostosis	false	
DOID:14669	acrodysostosis	OMIM:PS101800	Acrodysostosis	true	
DOID:14717	centronuclear myopathy	OMIM:PS160150	Myopathy, centronuclear	false	
DOID:14717	centronuclear myopathy	OMIM:PS160150	Myopathy, centronuclear	true	
DOID:14748	Sotos syndrome	OMIM:PS117550	Sotos syndrome	false	
DOID:14748	Sotos syndrome	OMIM:PS117550	Sotos syndrome	true	
DOID:14775	type VI Ehlers-Danlos syndrome	OMIM:PS229200	Brittle cornea syndrome	false	
DOID:14775	type VI Ehlers-Danlos syndrome	OMIM:PS229200	Brittle cornea syndrome	true	
DOID:14791	Leber congenital amaurosis	OMIM:PS204000	Leber congenital amaurosis	false	
DOID:14791	Leber congenital amaurosis	OMIM:PS204000	Leber congenital amaurosis	true	
DOID:1508	candidiasis	OMIM:PS114580	Familial candidiasis	false	
DOID:1657	ventricular septal defect	OMIM:PS614429	Ventricular septal defect	false	
DOID:1657	ventricular septal defect	OMIM:PS614429	Ventricular septal defect	true	
DOID:1882	atrial heart septal defect	OMIM:PS108800	Atrial septal defect	false	
DOID:1882	atrial heart septal defect	OMIM:PS108800	Atrial septal defect	true	
DOID:1933	Rubinstein-Taybi syndrome	OMIM:PS180849	Rubinstein-Taybi syndrome	false	
DOID:1933	Rubinstein-Taybi syndrome	OMIM:PS180849	Rubinstein-Taybi syndrome	true	
DOID:1935	Bardet-Biedl syndrome	OMIM:PS209900	Bardet-Biedl syndrome	false	
DOID:1935	Bardet-Biedl syndrome	OMIM:PS209900	Bardet-Biedl syndrome	true	
DOID:2187	amelogenesis imperfecta	OMIM:PS104500	Amelogenesis imperfecta	false	
DOID:2187	amelogenesis imperfecta	OMIM:PS104500	Amelogenesis imperfecta	true	
DOID:2228	thrombocytosis	OMIM:PS187950	Thrombocythemia	false	
DOID:2228	thrombocytosis	OMIM:PS187950	Thrombocythemia	true	
DOID:2280	hidradenitis suppurativa	OMIM:PS142690	Acne inversa	false	
DOID:2352	hemochromatosis	OMIM:PS235200	Hemochromatosis	false	
DOID:2352	hemochromatosis	OMIM:PS235200	Hemochromatosis	true	
DOID:2452	thrombophilia	OMIM:PS188050	Thrombophilia	false	
DOID:2452	thrombophilia	OMIM:PS188050	Thrombophilia	true	
DOID:2476	hereditary spastic paraplegia	OMIM:PS303350	Spastic paraplegia	false	
DOID:2476	hereditary spastic paraplegia	OMIM:PS303350	Spastic paraplegia	true	
DOID:2580	rhizomelic chondrodysplasia punctata	OMIM:PS215100	Rhizomelic chondrodysplasia punctata	false	
DOID:2580	rhizomelic chondrodysplasia punctata	OMIM:PS215100	Rhizomelic chondrodysplasia punctata	true	
DOID:2583	agammaglobulinemia	OMIM:PS601495	Agammaglobulinemia	false	
DOID:2583	agammaglobulinemia	OMIM:PS601495	Agammaglobulinemia	true	
DOID:2590	familial nephrotic syndrome	OMIM:PS256300	Nephrotic syndrome	false	
DOID:2729	dyskeratosis congenita	OMIM:PS127550	Dyskeratosis congenita	false	
DOID:2729	dyskeratosis congenita	OMIM:PS127550	Dyskeratosis congenita	true	
DOID:2741	bilirubin metabolic disorder	OMIM:PS237450	Hyperbilirubinemia	false	
DOID:2741	bilirubin metabolic disorder	OMIM:PS237450	Hyperbilirubinemia	true	
DOID:2843	long QT syndrome	OMIM:PS192500	Long QT syndrome	false	
DOID:2843	long QT syndrome	OMIM:PS192500	Long QT syndrome	true	
DOID:2908	Treacher Collins syndrome	OMIM:PS154500	Treacher Collins syndrome	false	
DOID:2908	Treacher Collins syndrome	OMIM:PS154500	Treacher Collins syndrome	true	
DOID:2977	primary hyperoxaluria	OMIM:PS259900	Hyperoxaluria, primary	false	
DOID:2977	primary hyperoxaluria	OMIM:PS259900	Hyperoxaluria, primary	true	
DOID:2986	IgA glomerulonephritis	OMIM:PS161950	IgA nephropathy	false	
DOID:2986	IgA glomerulonephritis	OMIM:PS161950	IgA nephropathy	true	
DOID:3012	Li-Fraumeni syndrome	OMIM:PS151623	Li-Fraumeni syndrome	false	
DOID:3012	Li-Fraumeni syndrome	OMIM:PS151623	Li-Fraumeni syndrome	true	
DOID:3191	nemaline myopathy	OMIM:PS161800	Nemaline myopathy	false	
DOID:3191	nemaline myopathy	OMIM:PS161800	Nemaline myopathy	true	
DOID:3204	neurilemmomatosis	OMIM:PS162091	Schwannomatosis	false	
DOID:3204	neurilemmomatosis	OMIM:PS162091	Schwannomatosis	true	
DOID:3310	atopic dermatitis	OMIM:PS603165	Dermatitis, atopic	false	
DOID:3310	atopic dermatitis	OMIM:PS603165	Dermatitis, atopic	true	
DOID:332	amyotrophic lateral sclerosis	OMIM:PS105400	Amyotrophic lateral sclerosis	false	
DOID:332	amyotrophic lateral sclerosis	OMIM:PS105400	Amyotrophic lateral sclerosis	true	
DOID:3328	temporal lobe epilepsy	OMIM:PS600512	Epilepsy, familial temporal lobe	false	
DOID:3490	Noonan syndrome	OMIM:PS163950	Noonan syndrome	false	
DOID:3490	Noonan syndrome	OMIM:PS163950	Noonan syndrome	true	
DOID:3753	Hermansky-Pudlak syndrome	OMIM:PS203300	Hermansky-Pudlak syndrome	false	
DOID:3753	Hermansky-Pudlak syndrome	OMIM:PS203300	Hermansky-Pudlak syndrome	true	
DOID:3805	porokeratosis	OMIM:PS175800	Porokeratosis	false	
DOID:3805	porokeratosis	OMIM:PS175800	Porokeratosis	true	
DOID:3883	Lynch syndrome	OMIM:PS120435	Colorectal cancer, hereditary nonpolyposis	false	
DOID:3883	Lynch syndrome	OMIM:PS120435	Colorectal cancer, hereditary nonpolyposis	true	
DOID:3911	progeria	OMIM:PS176670	Progeria	false	
DOID:3911	progeria	OMIM:PS176670	Progeria	true	
DOID:397	restrictive cardiomyopathy	OMIM:PS115210	Familial restrictive cardiomyopathy	false	
DOID:397	restrictive cardiomyopathy	OMIM:PS115210	Familial restrictive cardiomyopathy	true	
DOID:4535	hypotrichosis	OMIM:PS605389	Hypotrichosis	false	
DOID:4535	hypotrichosis	OMIM:PS605389	Hypotrichosis	true	
DOID:4621	holoprosencephaly	OMIM:PS236100	Holoprosencephaly	false	
DOID:4621	holoprosencephaly	OMIM:PS236100	Holoprosencephaly	true	
DOID:4990	essential tremor	OMIM:PS190300	Tremor, hereditary essential	false	
DOID:4990	essential tremor	OMIM:PS190300	Tremor, hereditary essential	true	
DOID:543	dystonia	OMIM:PS128100	Dystonia	false	
DOID:543	dystonia	OMIM:PS128100	Dystonia	true	
DOID:5453	pulmonary venoocclusive disease	OMIM:PS265450	Pulmonary venoocclusive disease	false	
DOID:5453	pulmonary venoocclusive disease	OMIM:PS265450	Pulmonary venoocclusive disease	true	
DOID:5723	optic atrophy	OMIM:PS165500	Optic atrophy	false	
DOID:5723	optic atrophy	OMIM:PS165500	Optic atrophy	true	
DOID:62	aortic valve disease	OMIM:PS109730	Aortic valve disease	false	
DOID:62	aortic valve disease	OMIM:PS109730	Aortic valve disease	true	
DOID:6457	Cowden disease	OMIM:PS158350	Cowden disease	false	
DOID:6457	Cowden disease	OMIM:PS158350	Cowden disease	true	
DOID:7693	abdominal aortic aneurysm	OMIM:PS100070	Aortic aneurysm, familial abdominal	false	
DOID:83	cataract	OMIM:PS116200	Cataract	false	
DOID:83	cataract	OMIM:PS116200	Cataract	true	
DOID:8545	malignant hyperthermia	OMIM:PS145600	Malignant hyperthermia	false	
DOID:8545	malignant hyperthermia	OMIM:PS145600	Malignant hyperthermia	true	
DOID:8893	psoriasis	OMIM:PS177900	Psoriasis	false	
DOID:8893	psoriasis	OMIM:PS177900	Psoriasis	true	
DOID:891	progressive myoclonus epilepsy	OMIM:PS254800	Epilepsy, progressive myoclonic	false	
DOID:891	progressive myoclonus epilepsy	OMIM:PS254800	Epilepsy, progressive myoclonic	true	
DOID:8986	narcolepsy	OMIM:PS161400	Narcolepsy	false	
DOID:8986	narcolepsy	OMIM:PS161400	Narcolepsy	true	
DOID:905	Zellweger syndrome	OMIM:PS214100	Peroxisome biogenesis disorder	false	
DOID:905	Zellweger syndrome	OMIM:PS214100	Peroxisome biogenesis disorder	true	
DOID:9245	Alagille syndrome	OMIM:PS118450	Alagille syndrome	false	
DOID:9245	Alagille syndrome	OMIM:PS118450	Alagille syndrome	true	
DOID:9258	Waardenburg's syndrome	OMIM:PS193500	Waardenburg syndrome	false	
DOID:9258	Waardenburg's syndrome	OMIM:PS193500	Waardenburg syndrome	true	
DOID:9269	maple syrup urine disease	OMIM:PS248600	Maple syrup urine disease	false	
DOID:9269	maple syrup urine disease	OMIM:PS248600	Maple syrup urine disease	true	
DOID:9275	tyrosinemia	OMIM:PS276700	Tyrosinemia	false	
DOID:9275	tyrosinemia	OMIM:PS276700	Tyrosinemia	true	
DOID:9562	primary ciliary dyskinesia	OMIM:PS244400	Primary ciliary dyskinesia	false	
DOID:9562	primary ciliary dyskinesia	OMIM:PS244400	Primary ciliary dyskinesia	true	
DOID:9563	bronchiectasis	OMIM:PS211400	Bronchiectasis	false	
DOID:9563	bronchiectasis	OMIM:PS211400	Bronchiectasis	true	
DOID:9620	vesicoureteral reflux	OMIM:PS193000	Vesicoureteral reflux	false	
DOID:9620	vesicoureteral reflux	OMIM:PS193000	Vesicoureteral reflux	true	
DOID:963	episodic ataxia	OMIM:PS160120	Episodic ataxia	false	
DOID:963	episodic ataxia	OMIM:PS160120	Episodic ataxia	true	
DOID:9649	congenital nystagmus	OMIM:PS310700	Nystagmus, congenital	false	
DOID:9649	congenital nystagmus	OMIM:PS310700	Nystagmus, congenital	true	
DOID:9822	partial central choroid dystrophy	OMIM:PS215500	Choroidal dystrophy, central areolar	false	
DOID:9822	partial central choroid dystrophy	OMIM:PS215500	Choroidal dystrophy, central areolar	true	
DOID:988	mitral valve prolapse	OMIM:PS157700	Mitral valve prolapse, myxomatous	false	
DOID:988	mitral valve prolapse	OMIM:PS157700	Mitral valve prolapse, myxomatous	true	
DOID:9955	hypoplastic left heart syndrome	OMIM:PS241550	Hypoplastic left heart syndrome	false	
DOID:9955	hypoplastic left heart syndrome	OMIM:PS241550	Hypoplastic left heart syndrome	true	
OMIM:PS100070	Aortic aneurysm, familial abdominal	DOID:7693	abdominal aortic aneurysm	false	
OMIM:PS100300	Adams-Oliver syndrome	DOID:0060227	Adams-Oliver syndrome	false	
OMIM:PS100300	Adams-Oliver syndrome	DOID:0060227	Adams-Oliver syndrome	true	
OMIM:PS101800	Acrodysostosis	DOID:14669	acrodysostosis	false	
OMIM:PS101800	Acrodysostosis	DOID:14669	acrodysostosis	true	
OMIM:PS102300	Restless legs syndrome	DOID:0050425	restless legs syndrome	false	
OMIM:PS102300	Restless legs syndrome	DOID:0050425	restless legs syndrome	true	
OMIM:PS104290	Alternating hemiplegia of childhood	DOID:0050635	alternating hemiplegia of childhood	false	
OMIM:PS104290	Alternating hemiplegia of childhood	DOID:0050635	alternating hemiplegia of childhood	true	
OMIM:PS104500	Amelogenesis imperfecta	DOID:2187	amelogenesis imperfecta	false	
OMIM:PS104500	Amelogenesis imperfecta	DOID:2187	amelogenesis imperfecta	true	
OMIM:PS105250	Amyloidosis, primary localized cutaneous	DOID:0050639	primary cutaneous amyloidosis	false	
OMIM:PS105400	Amyotrophic lateral sclerosis	DOID:332	amyotrophic lateral sclerosis	false	
OMIM:PS105400	Amyotrophic lateral sclerosis	DOID:332	amyotrophic lateral sclerosis	true	
OMIM:PS105550	Frontotemporal dementia and/or Amyotrophic Lateral Sclerosis	DOID:0060213	FTDALS1	false	
OMIM:PS105550	Frontotemporal dementia and/or Amyotrophic Lateral Sclerosis	DOID:0060213	FTDALS1	true	
OMIM:PS105650	Diamond-Blackfan anemia	DOID:1339	Diamond-Blackfan anemia	false	
OMIM:PS105650	Diamond-Blackfan anemia	DOID:1339	Diamond-Blackfan anemia	true	
OMIM:PS105800	Aneurysm, intracranial berry	DOID:0060228	intracranial berry aneurysm	false	
OMIM:PS105800	Aneurysm, intracranial berry	DOID:0060228	intracranial berry aneurysm	true	
OMIM:PS106600	Tooth agenesis, selective	DOID:0050591	tooth agenesis	false	
OMIM:PS106600	Tooth agenesis, selective	DOID:0050591	tooth agenesis	true	
OMIM:PS107970	Arrhythmogenic right ventricular dysplasia	DOID:0050431	arrhythmogenic right ventricular cardiomyopathy	false	
OMIM:PS107970	Arrhythmogenic right ventricular dysplasia	DOID:0050431	arrhythmogenic right ventricular cardiomyopathy	true	
OMIM:PS108300	Stickler syndrome	DOID:0080046	Stickler syndrome	false	
OMIM:PS108300	Stickler syndrome	DOID:0080046	Stickler syndrome	true	
OMIM:PS108720	Atelosteogenesis	DOID:0050648	atelosteogenesis	false	
OMIM:PS108720	Atelosteogenesis	DOID:0050648	atelosteogenesis	true	
OMIM:PS108800	Atrial septal defect	DOID:1882	atrial heart septal defect	false	
OMIM:PS108800	Atrial septal defect	DOID:1882	atrial heart septal defect	true	
OMIM:PS109720	Biliary cirrhosis, primary	DOID:12236	primary biliary cirrhosis	false	
OMIM:PS109720	Biliary cirrhosis, primary	DOID:12236	primary biliary cirrhosis	true	
OMIM:PS109730	Aortic valve disease	DOID:62	aortic valve disease	false	
OMIM:PS109730	Aortic valve disease	DOID:62	aortic valve disease	true	
OMIM:PS114580	Familial candidiasis	DOID:1508	candidiasis	false	
OMIM:PS115150	Cardiofaciocutaneous syndrome	DOID:0060233	cardiofaciocutaneous syndrome	false	
OMIM:PS115150	Cardiofaciocutaneous syndrome	DOID:0060233	cardiofaciocutaneous syndrome	true	
OMIM:PS115200	Dilated cardiomyopathy	DOID:12930	dilated cardiomyopathy	false	
OMIM:PS115200	Dilated cardiomyopathy	DOID:12930	dilated cardiomyopathy	true	
OMIM:PS115210	Familial restrictive cardiomyopathy	DOID:397	restrictive cardiomyopathy	false	
OMIM:PS115210	Familial restrictive cardiomyopathy	DOID:397	restrictive cardiomyopathy	true	
OMIM:PS116200	Cataract	DOID:83	cataract	false	
OMIM:PS116200	Cataract	DOID:83	cataract	true	
OMIM:PS117550	Sotos syndrome	DOID:14748	Sotos syndrome	false	
OMIM:PS117550	Sotos syndrome	DOID:14748	Sotos syndrome	true	
OMIM:PS118100	Klippel-Feil syndrome	DOID:10426	Klippel-Feil syndrome	false	
OMIM:PS118100	Klippel-Feil syndrome	DOID:10426	Klippel-Feil syndrome	true	
OMIM:PS118220	Charcot-Marie-Tooth disease	DOID:10595	Charcot-Marie-Tooth disease	false	
OMIM:PS118220	Charcot-Marie-Tooth disease	DOID:10595	Charcot-Marie-Tooth disease	true	
OMIM:PS118450	Alagille syndrome	DOID:9245	Alagille syndrome	false	
OMIM:PS118450	Alagille syndrome	DOID:9245	Alagille syndrome	true	
OMIM:PS119530	Orofacial cleft	DOID:0050567	orofacial cleft	false	
OMIM:PS119530	Orofacial cleft	DOID:0050567	orofacial cleft	true	
OMIM:PS120435	Colorectal cancer, hereditary nonpolyposis	DOID:3883	Lynch syndrome	false	
OMIM:PS120435	Colorectal cancer, hereditary nonpolyposis	DOID:3883	Lynch syndrome	true	
OMIM:PS121200	Seizures, benign familial neonatal	DOID:14264	benign neonatal seizures	false	
OMIM:PS121200	Seizures, benign familial neonatal	DOID:14264	benign neonatal seizures	true	
OMIM:PS121700	Corneal endothelial dystrophy	DOID:11554	Chandler syndrome	false	
OMIM:PS121700	Corneal endothelial dystrophy	DOID:11554	Chandler syndrome	true	
OMIM:PS122470	Cornelia de Lange syndrome	DOID:11725	Cornelia de Lange syndrome	false	
OMIM:PS122470	Cornelia de Lange syndrome	DOID:11725	Cornelia de Lange syndrome	true	
OMIM:PS124900	Deafness, autosomal dominant	DOID:0050564	autosomal dominant nonsyndromic deafness	false	
OMIM:PS124900	Deafness, autosomal dominant	DOID:0050564	autosomal dominant nonsyndromic deafness	true	
OMIM:PS126800	Duane retraction syndrome	DOID:12557	Duane retraction syndrome	false	
OMIM:PS126800	Duane retraction syndrome	DOID:12557	Duane retraction syndrome	true	
OMIM:PS127550	Dyskeratosis congenita	DOID:2729	dyskeratosis congenita	false	
OMIM:PS127550	Dyskeratosis congenita	DOID:2729	dyskeratosis congenita	true	
OMIM:PS128100	Dystonia	DOID:0050835	generalized dystonia	false	
OMIM:PS128100	Dystonia	DOID:0050835	generalized dystonia	true	
OMIM:PS128100	Dystonia	DOID:543	dystonia	false	
OMIM:PS128100	Dystonia	DOID:543	dystonia	true	
OMIM:PS132100	Photoparoxysmal response	DOID:0060281	photosensitive epilepsy	false	
OMIM:PS132100	Photoparoxysmal response	DOID:0060281	photosensitive epilepsy	true	
OMIM:PS132400	Epiphyseal dysplasia, multiple	DOID:12721	multiple epiphyseal dysplasia	false	
OMIM:PS132400	Epiphyseal dysplasia, multiple	DOID:12721	multiple epiphyseal dysplasia	true	
OMIM:PS133100	Erythrocytosis, familial	DOID:10780	primary polycythemia	false	
OMIM:PS133100	Erythrocytosis, familial	DOID:10780	primary polycythemia	true	
OMIM:PS133780	Exudative vitreoretinopathy	DOID:0050535	exudative vitreoretinopathy	false	
OMIM:PS133780	Exudative vitreoretinopathy	DOID:0050535	exudative vitreoretinopathy	true	
OMIM:PS138800	Goiter, multinodular	DOID:0050489	multinodular goiter	false	
OMIM:PS138800	Goiter, multinodular	DOID:0050489	multinodular goiter	true	
OMIM:PS142623	Hirschsprung disease	DOID:10487	Hirschsprung's disease	false	
OMIM:PS142623	Hirschsprung disease	DOID:10487	Hirschsprung's disease	true	
OMIM:PS142690	Acne inversa	DOID:2280	hidradenitis suppurativa	false	
OMIM:PS145600	Malignant hyperthermia	DOID:8545	malignant hyperthermia	false	
OMIM:PS145600	Malignant hyperthermia	DOID:8545	malignant hyperthermia	true	
OMIM:PS148300	Keratoconus	DOID:10126	keratoconus	false	
OMIM:PS148300	Keratoconus	DOID:10126	keratoconus	true	
OMIM:PS151100	LEOPARD syndrome	DOID:14291	LEOPARD syndrome	false	
OMIM:PS151100	LEOPARD syndrome	DOID:14291	LEOPARD syndrome	true	
OMIM:PS151623	Li-Fraumeni syndrome	DOID:3012	Li-Fraumeni syndrome	false	
OMIM:PS151623	Li-Fraumeni syndrome	DOID:3012	Li-Fraumeni syndrome	true	
OMIM:PS151660	Lipodystrophy, familial partial	DOID:0050440	familial partial lipodystrophy	false	
OMIM:PS151660	Lipodystrophy, familial partial	DOID:0050440	familial partial lipodystrophy	true	
OMIM:PS153100	Lymphedema, Hereditary	DOID:0050580	hereditary lymphedema	false	
OMIM:PS153100	Lymphedema, Hereditary	DOID:0050580	hereditary lymphedema	true	
OMIM:PS153840	Macular dystrophy, vitelliform	DOID:0050661	vitelliform macular dystrophy	false	
OMIM:PS153840	Macular dystrophy, vitelliform	DOID:0050661	vitelliform macular dystrophy	true	
OMIM:PS154500	Treacher Collins syndrome	DOID:2908	Treacher Collins syndrome	false	
OMIM:PS154500	Treacher Collins syndrome	DOID:2908	Treacher Collins syndrome	true	
OMIM:PS157700	Mitral valve prolapse, myxomatous	DOID:988	mitral valve prolapse	false	
OMIM:PS157700	Mitral valve prolapse, myxomatous	DOID:988	mitral valve prolapse	true	
OMIM:PS158350	Cowden disease	DOID:6457	Cowden disease	false	
OMIM:PS158350	Cowden disease	DOID:6457	Cowden disease	true	
OMIM:PS160120	Episodic ataxia	DOID:963	episodic ataxia	false	
OMIM:PS160120	Episodic ataxia	DOID:963	episodic ataxia	true	
OMIM:PS160150	Myopathy, centronuclear	DOID:14717	centronuclear myopathy	false	
OMIM:PS160150	Myopathy, centronuclear	DOID:14717	centronuclear myopathy	true	
OMIM:PS160700	Myopia	DOID:11830	myopia	false	
OMIM:PS160700	Myopia	DOID:11830	myopia	true	
OMIM:PS161400	Narcolepsy	DOID:8986	narcolepsy	false	
OMIM:PS161400	Narcolepsy	DOID:8986	narcolepsy	true	
OMIM:PS161800	Nemaline myopathy	DOID:3191	nemaline myopathy	false	
OMIM:PS161800	Nemaline myopathy	DOID:3191	nemaline myopathy	true	
OMIM:PS161950	IgA nephropathy	DOID:2986	IgA glomerulonephritis	false	
OMIM:PS161950	IgA nephropathy	DOID:2986	IgA glomerulonephritis	true	
OMIM:PS162000	Hyperuricemic nephropathy, familial juvenile	DOID:0060062	familial juvenile hyperuricemic nephropathy	false	
OMIM:PS162000	Hyperuricemic nephropathy, familial juvenile	DOID:0060062	familial juvenile hyperuricemic nephropathy	true	
OMIM:PS162091	Schwannomatosis	DOID:3204	neurilemmomatosis	false	
OMIM:PS162091	Schwannomatosis	DOID:3204	neurilemmomatosis	true	
OMIM:PS162400	Hereditary sensory and autonomic neuropathy	DOID:0050548	hereditary sensory neuropathy	false	
OMIM:PS162400	Hereditary sensory and autonomic neuropathy	DOID:0050548	hereditary sensory neuropathy	true	
OMIM:PS163950	Noonan syndrome	DOID:3490	Noonan syndrome	false	
OMIM:PS163950	Noonan syndrome	DOID:3490	Noonan syndrome	true	
OMIM:PS164400	Spinocerebellar ataxia	DOID:1441	spinocerebellar ataxia	false	
OMIM:PS164400	Spinocerebellar ataxia	DOID:1441	spinocerebellar ataxia	true	
OMIM:PS165500	Optic atrophy	DOID:5723	optic atrophy	false	
OMIM:PS165500	Optic atrophy	DOID:5723	optic atrophy	true	
OMIM:PS166200	Osteogenesis imperfecta	DOID:12347	osteogenesis imperfecta	false	
OMIM:PS166200	Osteogenesis imperfecta	DOID:12347	osteogenesis imperfecta	true	
OMIM:PS166800	Otosclerosis	DOID:12185	otosclerosis	false	
OMIM:PS166800	Otosclerosis	DOID:12185	otosclerosis	true	
OMIM:PS167200	Pachyonychia congenita	DOID:0050449	pachyonychia congenita	false	
OMIM:PS167200	Pachyonychia congenita	DOID:0050449	pachyonychia congenita	true	
OMIM:PS168000	Paragangliomas	DOID:0050773	paraganglioma	true	
OMIM:PS168600	Parkinson disease	DOID:14330	Parkinson's disease	false	
OMIM:PS168600	Parkinson disease	DOID:14330	Parkinson's disease	true	
OMIM:PS175780	Porencephaly	DOID:0060263	porencephaly	false	
OMIM:PS175780	Porencephaly	DOID:0060263	porencephaly	true	
OMIM:PS175800	Porokeratosis	DOID:3805	porokeratosis	false	
OMIM:PS175800	Porokeratosis	DOID:3805	porokeratosis	true	
OMIM:PS176670	Progeria	DOID:3911	progeria	false	
OMIM:PS176670	Progeria	DOID:3911	progeria	true	
OMIM:PS177900	Psoriasis	DOID:8893	psoriasis	false	
OMIM:PS177900	Psoriasis	DOID:8893	psoriasis	true	
OMIM:PS178600	Pulmonary hypertension, primary	DOID:14557	primary pulmonary hypertension	false	
OMIM:PS178600	Pulmonary hypertension, primary	DOID:14557	primary pulmonary hypertension	true	
OMIM:PS180849	Rubinstein-Taybi syndrome	DOID:1933	Rubinstein-Taybi syndrome	false	
OMIM:PS180849	Rubinstein-Taybi syndrome	DOID:1933	Rubinstein-Taybi syndrome	true	
OMIM:PS184450	Stuttering, familial persistent	DOID:0060243	stuttering	false	
OMIM:PS184450	Stuttering, familial persistent	DOID:0060243	stuttering	true	
OMIM:PS186500	Multiple synostoses syndrome	DOID:0050794	multiple synostoses syndrome	false	
OMIM:PS186500	Multiple synostoses syndrome	DOID:0050794	multiple synostoses syndrome	true	
OMIM:PS187300	Telangiectasia, hereditary hemorrhagic	DOID:1270	hereditary hemorrhagic telangiectasia	false	
OMIM:PS187300	Telangiectasia, hereditary hemorrhagic	DOID:1270	hereditary hemorrhagic telangiectasia	true	
OMIM:PS187950	Thrombocythemia	DOID:2228	thrombocytosis	false	
OMIM:PS187950	Thrombocythemia	DOID:2228	thrombocytosis	true	
OMIM:PS188050	Thrombophilia	DOID:2452	thrombophilia	false	
OMIM:PS188050	Thrombophilia	DOID:2452	thrombophilia	true	
OMIM:PS189800	Preeclampsia/eclampsia	DOID:10591	pre-eclampsia	false	
OMIM:PS189800	Preeclampsia/eclampsia	DOID:10591	pre-eclampsia	true	
OMIM:PS190300	Tremor, hereditary essential	DOID:4990	essential tremor	false	
OMIM:PS190300	Tremor, hereditary essential	DOID:4990	essential tremor	true	
OMIM:PS192500	Long QT syndrome	DOID:2843	long QT syndrome	false	
OMIM:PS192500	Long QT syndrome	DOID:2843	long QT syndrome	true	
OMIM:PS192600	Cardiomyopathy, familial hypertrophic	DOID:11984	hypertrophic cardiomyopathy	false	
OMIM:PS192600	Cardiomyopathy, familial hypertrophic	DOID:11984	hypertrophic cardiomyopathy	true	
OMIM:PS193000	Vesicoureteral reflux	DOID:9620	vesicoureteral reflux	false	
OMIM:PS193000	Vesicoureteral reflux	DOID:9620	vesicoureteral reflux	true	
OMIM:PS193100	Hypophosphatemic rickets	DOID:0050445	X-linked hypophosphatemia	false	
OMIM:PS193100	Hypophosphatemic rickets	DOID:0050445	X-linked hypophosphatemia	true	
OMIM:PS193500	Waardenburg syndrome	DOID:9258	Waardenburg's syndrome	false	
OMIM:PS193500	Waardenburg syndrome	DOID:9258	Waardenburg's syndrome	true	
OMIM:PS193900	White sponge nevus	DOID:0050448	hereditary mucosal leukokeratosis	false	
OMIM:PS193900	White sponge nevus	DOID:0050448	hereditary mucosal leukokeratosis	true	
OMIM:PS200600	Achondrogenesis	DOID:0080043	achondrogenesis	false	
OMIM:PS200600	Achondrogenesis	DOID:0080043	achondrogenesis	true	
OMIM:PS201000	Carpenter syndrome	DOID:0060234	Carpenter syndrome	false	
OMIM:PS201000	Carpenter syndrome	DOID:0060234	Carpenter syndrome	true	
OMIM:PS202700	Neutropenia, severe congenital	DOID:0050590	severe congenital neutropenia	false	
OMIM:PS202700	Neutropenia, severe congenital	DOID:0050590	severe congenital neutropenia	true	
OMIM:PS203100	Oculocutaneous albinism	DOID:0050632	oculocutaneous albinism	false	
OMIM:PS203100	Oculocutaneous albinism	DOID:0050632	oculocutaneous albinism	true	
OMIM:PS203300	Hermansky-Pudlak syndrome	DOID:3753	Hermansky-Pudlak syndrome	false	
OMIM:PS203300	Hermansky-Pudlak syndrome	DOID:3753	Hermansky-Pudlak syndrome	true	
OMIM:PS204000	Leber congenital amaurosis	DOID:14791	Leber congenital amaurosis	false	
OMIM:PS204000	Leber congenital amaurosis	DOID:14791	Leber congenital amaurosis	true	
OMIM:PS208000	Generalized arterial calcification of infancy	DOID:0050644	arterial calcification of infancy	false	
OMIM:PS208000	Generalized arterial calcification of infancy	DOID:0050644	arterial calcification of infancy	true	
OMIM:PS208085	Arthrogryposis, renal dysfunction, and cholestasis	DOID:0050763	ARC syndrome	false	
OMIM:PS208085	Arthrogryposis, renal dysfunction, and cholestasis	DOID:0050763	ARC syndrome	true	
OMIM:PS208540	Renal-hepatic-pancreatic dysplasia	DOID:0060259	renal-hepatic-pancreatic dysplasia	false	
OMIM:PS208540	Renal-hepatic-pancreatic dysplasia	DOID:0060259	renal-hepatic-pancreatic dysplasia	true	
OMIM:PS209900	Bardet-Biedl syndrome	DOID:1935	Bardet-Biedl syndrome	false	
OMIM:PS209900	Bardet-Biedl syndrome	DOID:1935	Bardet-Biedl syndrome	true	
OMIM:PS210600	Seckel syndrome	DOID:0050569	Seckel syndrome	false	
OMIM:PS210600	Seckel syndrome	DOID:0050569	Seckel syndrome	true	
OMIM:PS211400	Bronchiectasis	DOID:9563	bronchiectasis	false	
OMIM:PS211400	Bronchiectasis	DOID:9563	bronchiectasis	true	
OMIM:PS211530	Brown-Vialetto-Van Laere syndrome	DOID:0050694	Brown-Vialetto-Van Laere syndrome	false	
OMIM:PS211530	Brown-Vialetto-Van Laere syndrome	DOID:0050694	Brown-Vialetto-Van Laere syndrome	true	
OMIM:PS212065	Congenital disorders of glycosylation, type I	DOID:0050570	congenital disorder of glycosylation type I	true	
OMIM:PS212066	Congenital disorders of glycosylation, type II	DOID:0050571	congenital disorder of glycosylation type II	true	
OMIM:PS212750	Celiac disease	DOID:10608	celiac disease	false	
OMIM:PS212750	Celiac disease	DOID:10608	celiac disease	true	
OMIM:PS213300	Joubert syndrome	DOID:0050777	Joubert syndrome	false	
OMIM:PS213300	Joubert syndrome	DOID:0050777	Joubert syndrome	true	
OMIM:PS213600	Basal ganglia calcification, idiopathic	DOID:0060230	basal ganglia calcification	false	
OMIM:PS213600	Basal ganglia calcification, idiopathic	DOID:0060230	basal ganglia calcification	true	
OMIM:PS214100	Peroxisome biogenesis disorder	DOID:905	Zellweger syndrome	false	
OMIM:PS214100	Peroxisome biogenesis disorder	DOID:905	Zellweger syndrome	true	
OMIM:PS215100	Rhizomelic chondrodysplasia punctata	DOID:2580	rhizomelic chondrodysplasia punctata	false	
OMIM:PS215100	Rhizomelic chondrodysplasia punctata	DOID:2580	rhizomelic chondrodysplasia punctata	true	
OMIM:PS215500	Choroidal dystrophy, central areolar	DOID:9822	partial central choroid dystrophy	false	
OMIM:PS215500	Choroidal dystrophy, central areolar	DOID:9822	partial central choroid dystrophy	true	
OMIM:PS218330	Cranioectodermal dysplasia	DOID:0050577	Sensenbrenner syndrome	false	
OMIM:PS218330	Cranioectodermal dysplasia	DOID:0050577	Sensenbrenner syndrome	true	
OMIM:PS220290	Deafness, autosomal recessive	DOID:0050565	autosomal recessive nonsyndromic deafness	false	
OMIM:PS220290	Deafness, autosomal recessive	DOID:0050565	autosomal recessive nonsyndromic deafness	true	
OMIM:PS221900	Persistent hyperplastic primary vitreous	DOID:0060282	persistent hyperplastic primary vitreous	false	
OMIM:PS221900	Persistent hyperplastic primary vitreous	DOID:0060282	persistent hyperplastic primary vitreous	true	
OMIM:PS224120	Anemia, congenital dyserythropoietic	DOID:1338	congenital dyserythropoietic anemia	false	
OMIM:PS224120	Anemia, congenital dyserythropoietic	DOID:1338	congenital dyserythropoietic anemia	true	
OMIM:PS225750	Aicardi-Goutieres syndrome	DOID:0050629	Aicardi-Goutieres syndrome	false	
OMIM:PS225750	Aicardi-Goutieres syndrome	DOID:0050629	Aicardi-Goutieres syndrome	true	
OMIM:PS227650	Fanconi anemia	DOID:13636	Fanconi's anemia	false	
OMIM:PS227650	Fanconi anemia	DOID:13636	Fanconi's anemia	true	
OMIM:PS229200	Brittle cornea syndrome	DOID:14775	type VI Ehlers-Danlos syndrome	false	
OMIM:PS229200	Brittle cornea syndrome	DOID:14775	type VI Ehlers-Danlos syndrome	true	
OMIM:PS233400	Perrault syndrome	DOID:0050857	Perrault syndrome	false	
OMIM:PS233400	Perrault syndrome	DOID:0050857	Perrault syndrome	true	
OMIM:PS235200	Hemochromatosis	DOID:2352	hemochromatosis	false	
OMIM:PS235200	Hemochromatosis	DOID:2352	hemochromatosis	true	
OMIM:PS235400	Hemolytic uremic syndrome	DOID:12554	hemolytic-uremic syndrome	false	
OMIM:PS235400	Hemolytic uremic syndrome	DOID:12554	hemolytic-uremic syndrome	true	
OMIM:PS236100	Holoprosencephaly	DOID:4621	holoprosencephaly	false	
OMIM:PS236100	Holoprosencephaly	DOID:4621	holoprosencephaly	true	
OMIM:PS236680	Hydrolethalus syndrome	DOID:0050779	hydrolethalus syndrome	false	
OMIM:PS236680	Hydrolethalus syndrome	DOID:0050779	hydrolethalus syndrome	true	
OMIM:PS236730	Urofacial syndrome	DOID:0050816	urofacial syndrome	false	
OMIM:PS236730	Urofacial syndrome	DOID:0050816	urofacial syndrome	true	
OMIM:PS237450	Hyperbilirubinemia	DOID:2741	bilirubin metabolic disorder	false	
OMIM:PS237450	Hyperbilirubinemia	DOID:2741	bilirubin metabolic disorder	true	
OMIM:PS241550	Hypoplastic left heart syndrome	DOID:9955	hypoplastic left heart syndrome	false	
OMIM:PS241550	Hypoplastic left heart syndrome	DOID:9955	hypoplastic left heart syndrome	true	
OMIM:PS243310	Baraitser-Winter syndrome	DOID:0060229	Baraitser-Winter syndrome	false	
OMIM:PS243310	Baraitser-Winter syndrome	DOID:0060229	Baraitser-Winter syndrome	true	
OMIM:PS244400	Primary ciliary dyskinesia	DOID:9562	primary ciliary dyskinesia	false	
OMIM:PS244400	Primary ciliary dyskinesia	DOID:9562	primary ciliary dyskinesia	true	
OMIM:PS248600	Maple syrup urine disease	DOID:9269	maple syrup urine disease	false	
OMIM:PS248600	Maple syrup urine disease	DOID:9269	maple syrup urine disease	true	
OMIM:PS249000	Meckel syndrome	DOID:0050778	Meckel syndrome	false	
OMIM:PS249000	Meckel syndrome	DOID:0050778	Meckel syndrome	true	
OMIM:PS252350	Moyamoya disease	DOID:13099	Moyamoya disease	false	
OMIM:PS252350	Moyamoya disease	DOID:13099	Moyamoya disease	true	
OMIM:PS254130	Miyoshi muscular dystrophy	DOID:11720	distal muscular dystrophy	false	
OMIM:PS254130	Miyoshi muscular dystrophy	DOID:11720	distal muscular dystrophy	true	
OMIM:PS254800	Epilepsy, progressive myoclonic	DOID:891	progressive myoclonus epilepsy	false	
OMIM:PS254800	Epilepsy, progressive myoclonic	DOID:891	progressive myoclonus epilepsy	true	
OMIM:PS256100	Nephronophthisis	DOID:12712	nephronophthisis	false	
OMIM:PS256100	Nephronophthisis	DOID:12712	nephronophthisis	true	
OMIM:PS256300	Nephrotic syndrome	DOID:1184	nephrotic syndrome	false	
OMIM:PS256300	Nephrotic syndrome	DOID:1184	nephrotic syndrome	true	
OMIM:PS256300	Nephrotic syndrome	DOID:2590	familial nephrotic syndrome	false	
OMIM:PS257920	3MC syndrome	DOID:0060225	3MC syndrome	false	
OMIM:PS257920	3MC syndrome	DOID:0060225	3MC syndrome	true	
OMIM:PS258150	Spermatogenic failure	DOID:14227	azoospermia	false	
OMIM:PS258150	Spermatogenic failure	DOID:14227	azoospermia	true	
OMIM:PS259900	Hyperoxaluria, primary	DOID:2977	primary hyperoxaluria	false	
OMIM:PS259900	Hyperoxaluria, primary	DOID:2977	primary hyperoxaluria	true	
OMIM:PS260370	Pancreatic agenesis	DOID:0050877	pancreatic agenesis	false	
OMIM:PS260370	Pancreatic agenesis	DOID:0050877	pancreatic agenesis	true	
OMIM:PS265450	Pulmonary venoocclusive disease	DOID:5453	pulmonary venoocclusive disease	false	
OMIM:PS265450	Pulmonary venoocclusive disease	DOID:5453	pulmonary venoocclusive disease	true	
OMIM:PS266600	Inflammatory bowel disease	DOID:0050589	inflammatory bowel disease	false	
OMIM:PS266600	Inflammatory bowel disease	DOID:0050589	inflammatory bowel disease	true	
OMIM:PS268000	Retinitis pigmentosa	DOID:10584	retinitis pigmentosa	false	
OMIM:PS268000	Retinitis pigmentosa	DOID:10584	retinitis pigmentosa	true	
OMIM:PS269500	Sclerosteosis	DOID:0060251	sclerosteosis	false	
OMIM:PS269500	Sclerosteosis	DOID:0060251	sclerosteosis	true	
OMIM:PS272430	Cold-induced sweating syndrome	DOID:0060294	cold-induced sweating syndrome	false	
OMIM:PS272430	Cold-induced sweating syndrome	DOID:0060294	cold-induced sweating syndrome	true	
OMIM:PS273750	Three M syndrome	DOID:0060241	3-M syndrome	false	
OMIM:PS273750	Three M syndrome	DOID:0060241	3-M syndrome	true	
OMIM:PS276700	Tyrosinemia	DOID:9275	tyrosinemia	false	
OMIM:PS276700	Tyrosinemia	DOID:9275	tyrosinemia	true	
OMIM:PS276900	Usher syndrome	DOID:0050439	Usher syndrome	false	
OMIM:PS276900	Usher syndrome	DOID:0050439	Usher syndrome	true	
OMIM:PS277300	Spondylocostal dysostosis	DOID:0050568	spondylocostal dysostosis	false	
OMIM:PS277300	Spondylocostal dysostosis	DOID:0050568	spondylocostal dysostosis	true	
OMIM:PS277600	Weill-Marchesani syndrome	DOID:0050475	Weill-Marchesani syndrome	false	
OMIM:PS277600	Weill-Marchesani syndrome	DOID:0050475	Weill-Marchesani syndrome	true	
OMIM:PS300352	Cerebral creatine deficiency syndrome	DOID:0050798	cerebral creatine deficiency syndrome	false	
OMIM:PS300352	Cerebral creatine deficiency syndrome	DOID:0050798	cerebral creatine deficiency syndrome	true	
OMIM:PS300633	Hypospadias	DOID:10892	hypospadias	false	
OMIM:PS300633	Hypospadias	DOID:10892	hypospadias	true	
OMIM:PS300818	Paroxysmal nocturnal hemoglobinuria	DOID:0060284	paroxysmal nocturnal hemoglobinuria	false	
OMIM:PS300818	Paroxysmal nocturnal hemoglobinuria	DOID:0060284	paroxysmal nocturnal hemoglobinuria	true	
OMIM:PS303350	Spastic paraplegia	DOID:2476	hereditary spastic paraplegia	false	
OMIM:PS303350	Spastic paraplegia	DOID:2476	hereditary spastic paraplegia	true	
OMIM:PS304500	Deafness, X-linked	DOID:0050566	X-linked nonsyndromic deafness	false	
OMIM:PS304500	Deafness, X-linked	DOID:0050566	X-linked nonsyndromic deafness	true	
OMIM:PS306955	Heterotaxy, visceral	DOID:0050545	visceral heterotaxy	false	
OMIM:PS306955	Heterotaxy, visceral	DOID:0050545	visceral heterotaxy	true	
OMIM:PS308350	Epileptic encephalopathy, early infantile	DOID:0050709	Ohtahara syndrome	false	
OMIM:PS308350	Epileptic encephalopathy, early infantile	DOID:0050709	Ohtahara syndrome	true	
OMIM:PS309530	Mental retardation, nonsyndromic, X-linked	DOID:0050776	non-specific X-linked mental retardation	false	
OMIM:PS309530	Mental retardation, nonsyndromic, X-linked	DOID:0050776	non-specific X-linked mental retardation	true	
OMIM:PS310300	Emery-Dreifuss muscular dystrophy	DOID:11726	Emery-Dreifuss muscular dystrophy	false	
OMIM:PS310300	Emery-Dreifuss muscular dystrophy	DOID:11726	Emery-Dreifuss muscular dystrophy	true	
OMIM:PS310500	Night blindness, congenital stationary	DOID:0050534	congenital stationary night blindness	false	
OMIM:PS310500	Night blindness, congenital stationary	DOID:0050534	congenital stationary night blindness	true	
OMIM:PS310700	Nystagmus, congenital	DOID:9649	congenital nystagmus	false	
OMIM:PS310700	Nystagmus, congenital	DOID:9649	congenital nystagmus	true	
OMIM:PS400044	46,XY sex reversal	DOID:14448	46 XY gonadal dysgenesis	false	
OMIM:PS400044	46,XY sex reversal	DOID:14448	46 XY gonadal dysgenesis	true	
OMIM:PS600118	Warburg micro syndrome	DOID:0060237	Warburg micro syndrome	false	
OMIM:PS600118	Warburg micro syndrome	DOID:0060237	Warburg micro syndrome	true	
OMIM:PS600165	Nanophthalmos	DOID:10629	microphthalmia	false	
OMIM:PS600165	Nanophthalmos	DOID:10629	microphthalmia	true	
OMIM:PS600512	Epilepsy, familial temporal lobe	DOID:3328	temporal lobe epilepsy	false	
OMIM:PS600630	UV-sensitive syndrome	DOID:0060240	UV-sensitive syndrome	false	
OMIM:PS600630	UV-sensitive syndrome	DOID:0060240	UV-sensitive syndrome	true	
OMIM:PS600803	Gallbladder disease	DOID:0060262	gallbladder disease	false	
OMIM:PS600803	Gallbladder disease	DOID:0060262	gallbladder disease	true	
OMIM:PS601144	Brugada syndrome	DOID:0050451	Brugada syndrome	false	
OMIM:PS601144	Brugada syndrome	DOID:0050451	Brugada syndrome	true	
OMIM:PS601390	Van Maldergem syndrome	DOID:0060238	Van Maldergem syndrome	false	
OMIM:PS601390	Van Maldergem syndrome	DOID:0060238	Van Maldergem syndrome	true	
OMIM:PS601495	Agammaglobulinemia	DOID:2583	agammaglobulinemia	false	
OMIM:PS601495	Agammaglobulinemia	DOID:2583	agammaglobulinemia	true	
OMIM:PS601764	Seizures, benign familial infantile	DOID:0060169	benign familial infantile epilepsy	false	
OMIM:PS601764	Seizures, benign familial infantile	DOID:0060169	benign familial infantile epilepsy	true	
OMIM:PS603075	Macular degeneration, age-related	DOID:10871	age related macular degeneration	false	
OMIM:PS603075	Macular degeneration, age-related	DOID:10871	age related macular degeneration	true	
OMIM:PS603165	Dermatitis, atopic	DOID:3310	atopic dermatitis	false	
OMIM:PS603165	Dermatitis, atopic	DOID:3310	atopic dermatitis	true	
OMIM:PS603278	Focal segmental glomerulosclerosis	DOID:1312	focal segmental glomerulosclerosis	false	
OMIM:PS603278	Focal segmental glomerulosclerosis	DOID:1312	focal segmental glomerulosclerosis	true	
OMIM:PS603513	Spastic quadriplegic cerebral palsy	DOID:10970	spastic quadriplegia	false	
OMIM:PS603513	Spastic quadriplegic cerebral palsy	DOID:10970	spastic quadriplegia	true	
OMIM:PS604233	Epilepsy, generalized, with febrile seizures plus	DOID:0060170	generalized epilepsy with febrile seizures plus	false	
OMIM:PS604233	Epilepsy, generalized, with febrile seizures plus	DOID:0060170	generalized epilepsy with febrile seizures plus	true	
OMIM:PS604348	Advanced sleep phase syndrome	DOID:0050628	advanced sleep phase syndrome	false	
OMIM:PS604348	Advanced sleep phase syndrome	DOID:0050628	advanced sleep phase syndrome	true	
OMIM:PS605389	Hypotrichosis	DOID:4535	hypotrichosis	false	
OMIM:PS605389	Hypotrichosis	DOID:4535	hypotrichosis	true	
OMIM:PS605552	Abdominal obesity-metabolic syndrome	DOID:14221	metabolic syndrome X	false	
OMIM:PS605552	Abdominal obesity-metabolic syndrome	DOID:14221	metabolic syndrome X	true	
OMIM:PS606215	Atrioventricular septal defect	DOID:0050651	atrioventricular septal defect	false	
OMIM:PS606215	Atrioventricular septal defect	DOID:0050651	atrioventricular septal defect	true	
OMIM:PS606711	Specific language impairment	DOID:0060244	specific language impairment	false	
OMIM:PS606711	Specific language impairment	DOID:0060244	specific language impairment	true	
OMIM:PS607086	Aortic aneurysm, familial thoracic	DOID:14004	thoracic aortic aneurysm	false	
OMIM:PS607426	Coenzyme Q10 deficiency, primary	DOID:0050730	coenzyme Q10 deficiency disease	false	
OMIM:PS607426	Coenzyme Q10 deficiency, primary	DOID:0050730	coenzyme Q10 deficiency disease	true	
OMIM:PS607432	Lissencephaly	DOID:0050453	lissencephaly	false	
OMIM:PS607432	Lissencephaly	DOID:0050453	lissencephaly	true	
OMIM:PS607594	Immunodeficiency, common variable	DOID:12177	common variable immunodeficiency	false	
OMIM:PS607594	Immunodeficiency, common variable	DOID:12177	common variable immunodeficiency	true	
OMIM:PS607596	Pontocerebellar hypoplasia	DOID:0060264	pontocerebellar hypoplasia	false	
OMIM:PS607596	Pontocerebellar hypoplasia	DOID:0060264	pontocerebellar hypoplasia	true	
OMIM:PS607765	Bile acid synthesis defect, congenital	DOID:0050674	congenital bile acid synthesis defect	false	
OMIM:PS607765	Bile acid synthesis defect, congenital	DOID:0050674	congenital bile acid synthesis defect	true	
OMIM:PS608567	Sick sinus syndrome	DOID:13884	sick sinus syndrome	false	
OMIM:PS608567	Sick sinus syndrome	DOID:13884	sick sinus syndrome	true	
OMIM:PS608583	Atrial fibrillation, familial	DOID:0050650	familial atrial fibrillation	false	
OMIM:PS608583	Atrial fibrillation, familial	DOID:0050650	familial atrial fibrillation	true	
OMIM:PS608583	Atrial fibrillation, familial	DOID:0060224	atrial fibrillation	false	
OMIM:PS608594	Lipodystrophy, congenital generalized	DOID:0050585	congenital generalized lipodystrophy	false	
OMIM:PS608594	Lipodystrophy, congenital generalized	DOID:0050585	congenital generalized lipodystrophy	true	
OMIM:PS609060	Combined oxidative phosphorylation deficiency	DOID:0060286	combined oxidative phosphorylation deficiency	false	
OMIM:PS609060	Combined oxidative phosphorylation deficiency	DOID:0060286	combined oxidative phosphorylation deficiency	true	
OMIM:PS609192	Loeys-Dietz syndrome	DOID:0050466	Loeys-Dietz syndrome	false	
OMIM:PS609192	Loeys-Dietz syndrome	DOID:0050466	Loeys-Dietz syndrome	true	
OMIM:PS614429	Ventricular septal defect	DOID:1657	ventricular septal defect	false	
OMIM:PS614429	Ventricular septal defect	DOID:1657	ventricular septal defect	true	
